-- MariaDB dump 10.17  Distrib 10.4.15-MariaDB, for Linux (x86_64)
--
-- Host: mysql.hostinger.ro    Database: u574849695_22
-- ------------------------------------------------------
-- Server version	10.4.15-MariaDB-cll-lve

/*!40101 SET @OLD_CHARACTER_SET_CLIENT=@@CHARACTER_SET_CLIENT */;
/*!40101 SET @OLD_CHARACTER_SET_RESULTS=@@CHARACTER_SET_RESULTS */;
/*!40101 SET @OLD_COLLATION_CONNECTION=@@COLLATION_CONNECTION */;
/*!40101 SET NAMES utf8mb4 */;
/*!40103 SET @OLD_TIME_ZONE=@@TIME_ZONE */;
/*!40103 SET TIME_ZONE='+00:00' */;
/*!40014 SET @OLD_UNIQUE_CHECKS=@@UNIQUE_CHECKS, UNIQUE_CHECKS=0 */;
/*!40014 SET @OLD_FOREIGN_KEY_CHECKS=@@FOREIGN_KEY_CHECKS, FOREIGN_KEY_CHECKS=0 */;
/*!40101 SET @OLD_SQL_MODE=@@SQL_MODE, SQL_MODE='NO_AUTO_VALUE_ON_ZERO' */;
/*!40111 SET @OLD_SQL_NOTES=@@SQL_NOTES, SQL_NOTES=0 */;

--
-- Table structure for table `communities`
--

DROP TABLE IF EXISTS `communities`;
/*!40101 SET @saved_cs_client     = @@character_set_client */;
/*!40101 SET character_set_client = utf8 */;
CREATE TABLE `communities` (
  `id` bigint(20) unsigned NOT NULL AUTO_INCREMENT,
  `name` varchar(145) COLLATE utf8mb4_unicode_ci NOT NULL,
  `description` varchar(245) COLLATE utf8mb4_unicode_ci DEFAULT NULL,
  `admin_id` bigint(20) unsigned NOT NULL,
  PRIMARY KEY (`id`),
  KEY `fk_communities_users_admin_idx` (`admin_id`),
  CONSTRAINT `fk_communities_users` FOREIGN KEY (`admin_id`) REFERENCES `users` (`id`)
) ENGINE=InnoDB AUTO_INCREMENT=101 DEFAULT CHARSET=utf8mb4 COLLATE=utf8mb4_unicode_ci;
/*!40101 SET character_set_client = @saved_cs_client */;

--
-- Dumping data for table `communities`
--

LOCK TABLES `communities` WRITE;
/*!40000 ALTER TABLE `communities` DISABLE KEYS */;
INSERT INTO `communities` VALUES (1,'voluptatum','Rerum cupiditate reprehenderit voluptatem voluptatem sit. Fuga accusamus ex voluptas voluptate facere pariatur qui aut.',1),(2,'a','Et placeat nesciunt error possimus qui eum. Qui sed non vel magnam totam delectus illum. Cupiditate veniam ut beatae qui aut.',2),(3,'incidunt','Reprehenderit et accusamus veniam ab. Voluptas est ut eveniet quo corrupti in. Modi ea provident consectetur.',3),(4,'excepturi','Ut delectus sed sequi et quae. Dignissimos quod est iusto velit ea. Excepturi quas molestiae nesciunt saepe esse. Quo voluptatibus ut non ut.',4),(5,'velit','Est aliquid quo voluptas nesciunt iusto ipsum aut. Et veniam distinctio ut optio illum qui. Eligendi vel laboriosam eaque iure totam consequatur. Incidunt adipisci quia temporibus et voluptas occaecati aut.',5),(6,'ratione','Omnis nihil ipsam dolores laborum facere. Nemo et qui quisquam accusamus labore. Ipsa laudantium id commodi sint. Qui labore non delectus placeat.',6),(7,'illo','Et repellat et aut enim est ut qui. Doloremque assumenda et ipsa. Sed possimus vitae id eius dolorem quisquam labore. Voluptatem voluptas laboriosam labore et id et.',7),(8,'voluptatum','Assumenda in adipisci voluptas porro ut ducimus pariatur. Recusandae provident dolores dolorem quis. Esse adipisci nam numquam eaque dolore cumque exercitationem.',8),(9,'quaerat','Vel accusantium aut veniam maxime accusamus cum. Necessitatibus harum sunt molestias sed inventore rerum. Modi odio eaque nam aperiam vitae voluptatem. Quo rerum dolores et quibusdam.',9),(10,'sed','Est est officia doloribus sunt. Aut vel iste et ut quae voluptatibus. Molestiae beatae voluptas cupiditate commodi sunt.',10),(11,'odit','Est rem expedita commodi nisi impedit enim ea magnam. Consequatur molestiae amet ipsam veniam animi. Ab cumque laboriosam enim suscipit necessitatibus fuga. Nihil soluta qui et voluptatum omnis quibusdam et.',11),(12,'voluptates','Est quia fuga et incidunt minima. Ab in et tempora consequatur et. Aliquam nisi unde corrupti totam facere.',12),(13,'nulla','Nihil rerum nostrum exercitationem eius consectetur deleniti molestiae. Est fuga nam quidem at. Quidem temporibus dignissimos ab quaerat.',13),(14,'id','Accusantium rerum omnis omnis iste reiciendis qui. Rerum sed aperiam consequatur recusandae non qui. Voluptates omnis sit aut est maxime.',14),(15,'tempore','Voluptatem nihil neque nobis. Id repellendus maiores fuga qui quisquam magni.',15),(16,'illum','Recusandae aperiam placeat consequatur veniam qui sit et. Aut reprehenderit voluptatibus ullam veritatis. Earum et quia veritatis accusamus qui inventore. Consequatur voluptatibus et quis quae quae suscipit voluptatem.',16),(17,'molestias','Ut ut dolorum aut est dolores. Quis iure error iure cum. Cum aut aliquid magni sint distinctio dolores. Iusto placeat ut impedit voluptatem rerum blanditiis et autem.',17),(18,'quae','Facere totam et quasi magni eaque. Consequuntur autem accusantium eligendi omnis. Ipsa est minima sequi maiores ullam nobis voluptas.',18),(19,'cupiditate','Veniam cupiditate ex vel voluptatibus ipsum. Occaecati voluptatem accusantium maxime qui. Nisi nihil quae non voluptatum.',19),(20,'repudiandae','Non praesentium iusto deserunt ullam. Nam minus dolores harum dicta veniam. Non nostrum asperiores quia ut. Aut est qui eum aut et et ipsam.',20),(21,'sit','Nemo ab aliquam est doloremque nemo aperiam. Assumenda molestiae quasi aut dolore eligendi et ut. Et perspiciatis nisi aspernatur numquam.',21),(22,'dolores','Nemo eligendi accusamus consectetur odit odio et optio. Harum eius neque dolore corporis. Blanditiis alias sed rerum nam perspiciatis et.',22),(23,'et','Eos quibusdam voluptatem omnis ducimus suscipit consequatur. Nobis quis modi quis qui magnam debitis. Voluptas rerum quia et est neque dolor. Nihil quasi aperiam est necessitatibus ab sequi recusandae. Tempore temporibus debitis iusto beatae ven',23),(24,'sed','Totam eveniet assumenda omnis ut. Iste non qui enim maxime doloremque. Error in quo odit non.',24),(25,'exercitationem','Veniam id sapiente omnis voluptatem quia et. Saepe ipsa voluptas unde est qui voluptatum commodi assumenda. Dolorum hic dolor est enim ipsa. Aspernatur id enim est itaque.',25),(26,'magnam','Perspiciatis minima voluptatem ut placeat. Et quo tempora culpa magni odit. Aliquid tenetur illo nulla sint. Sit impedit enim ullam asperiores.',26),(27,'aut','Dolor recusandae ipsam eveniet quis corrupti molestias necessitatibus labore. Illum velit repudiandae modi amet doloremque ut. Id illo fugit quis corporis excepturi iusto saepe.',27),(28,'odio','Dolores delectus sapiente autem accusantium vitae occaecati omnis. Molestiae ipsa deleniti beatae autem iusto cumque. Possimus sunt sunt asperiores eos ullam dignissimos fuga.',28),(29,'fugiat','Ratione et maiores corporis est laborum voluptatem ullam. Odit minus ea sit corrupti harum. Quia aspernatur illo minima optio sed vel consequatur.',29),(30,'culpa','Harum quia in et quo sunt facilis placeat. Non nam et et. Excepturi quae labore a ipsam delectus. Quisquam illo dignissimos qui pariatur ad ea.',30),(31,'eum','Pariatur est saepe rerum sint est rem voluptas. Nihil vitae rerum illum voluptas quis. Earum quia quisquam saepe in saepe. Et qui aliquid architecto animi ea qui.',31),(32,'et','Eos ut natus est. Vero voluptate ratione facere autem. Nisi cum eaque reiciendis eos. Aut ab quaerat omnis ut.',32),(33,'dolore','Accusantium eum laboriosam et mollitia. Modi aliquid qui iusto. Hic voluptas id aspernatur autem ut nostrum magnam. Accusantium repellat assumenda eos ullam quod exercitationem quia. Veritatis unde laboriosam architecto quod.',33),(34,'qui','Occaecati eius quia qui. Omnis sed ipsam sit hic est rerum. Tempora aperiam vero cupiditate.',34),(35,'dolores','Totam error est beatae eius aut incidunt tempore. Itaque aliquam ea quas ut similique officia nobis. Est dolorem animi ut sunt. Dolorem consequatur aut velit qui voluptatem iure eos.',35),(36,'ipsa','Aut velit sint explicabo eos repellendus repudiandae dicta. Molestiae aut quasi hic veniam laboriosam neque dolor. At maxime dolores illo aspernatur minus itaque.',36),(37,'omnis','Quam et voluptas et vero dolores. Eaque eveniet illo doloribus velit vel alias maxime magnam. Veniam asperiores voluptatem dicta id nesciunt. Et unde quibusdam sequi voluptas iure.',37),(38,'iusto','Ut fugiat sed hic consequuntur. Magni iste doloremque ut exercitationem illo minus iusto. Autem ut quo illo inventore.',38),(39,'quidem','Et eveniet alias cum rerum id possimus asperiores. Dignissimos aut ut ratione odit voluptate vitae repellendus deleniti. Unde facere esse quidem repellendus quis possimus. Natus accusantium neque eos quos.',39),(40,'aut','Quis dolore quis nihil aut. Facere amet et perferendis autem commodi. Ipsa et magni eos iusto sint sed qui voluptatem. Unde saepe ea porro ut.',40),(41,'reprehenderit','Sit culpa laborum porro ducimus voluptatem tenetur qui. Rerum cum maxime repellat dolor quia. Modi ut voluptatem ut molestiae provident.',41),(42,'excepturi','Perspiciatis officiis aut sunt necessitatibus minus eius. Dolorem praesentium deserunt et eos. Eum rerum quas soluta hic magni suscipit.',42),(43,'laudantium','Impedit incidunt consequuntur itaque. Maiores exercitationem expedita error est aut. Enim ullam odit sit vel. Doloribus adipisci amet modi laborum eaque.',43),(44,'repellat','Minima eos sit qui illo explicabo quas recusandae. Quo sed ut culpa harum reiciendis. Autem esse quidem esse beatae.',44),(45,'id','Eum repellat reiciendis sequi et voluptatum. Deleniti quaerat tenetur vero cupiditate repellendus.',45),(46,'beatae','Repellat facere iste quis accusantium rem. Sunt incidunt velit corrupti repudiandae ratione a. Assumenda quaerat enim nihil nobis qui iure assumenda.',46),(47,'distinctio','Voluptas molestiae facere voluptatem non tempora. Ut itaque nihil aut dicta. Laudantium eius quo laborum est exercitationem. Praesentium nemo nostrum omnis aut laborum.',47),(48,'et','Optio consectetur incidunt et itaque non odit. Numquam enim facilis hic rerum officia. Ut consequatur in sequi illum voluptatem.',48),(49,'similique','Non excepturi dolores non rerum voluptate. Soluta quas qui quo est nemo soluta et quos. Iure quis et et ut qui ut tenetur. Velit eius illum est atque omnis rerum doloremque dolor.',49),(50,'necessitatibus','Eum quia cumque optio et est et et tempora. Ut tenetur eos id excepturi velit harum ut est. Hic eius quia tempore. Voluptatem est voluptatem velit hic ab.',50),(51,'fugiat','Nihil quibusdam sint enim natus eaque nam tenetur. Occaecati culpa maiores quam est. Officiis sit molestias doloremque sed sed tempora.',51),(52,'quis','Rerum expedita repellendus odit error minima. Repellat sunt a voluptatem illo optio. Rerum voluptatum cupiditate beatae non officia distinctio vero. Omnis perspiciatis in quia nemo esse nostrum illo.',52),(53,'et','Error beatae non ullam quo ex sit. Sunt sit accusamus dignissimos eveniet et aut et. Velit consequatur praesentium laborum quidem temporibus. Qui deserunt ut non quasi est reprehenderit.',53),(54,'saepe','Veniam aliquam explicabo distinctio magnam provident aut cupiditate dolore. Ut est assumenda dicta architecto inventore nobis. Iusto iste quo eligendi ea id beatae. Laboriosam veniam suscipit fuga eaque rerum.',54),(55,'architecto','Nisi quo velit commodi sed eius quisquam. Necessitatibus sed necessitatibus sit ad quis dignissimos. Perferendis autem voluptas laboriosam doloremque laudantium laudantium cum.',55),(56,'atque','Voluptatem minima omnis est nemo velit dolorum a. Aliquid deserunt expedita quaerat fuga non voluptatem. Iusto quia occaecati incidunt doloribus sunt qui repellendus optio. Quos eligendi et sunt maiores impedit maxime veniam omnis.',56),(57,'nam','Sunt neque quaerat quaerat dolorem quia omnis. Sapiente harum placeat est aliquam. Quas itaque qui maxime ut.',57),(58,'doloribus','Laborum ut non nam ipsa laudantium. Ut porro impedit quas. Pariatur voluptatibus et eligendi voluptas explicabo error. Dolorem culpa et possimus.',58),(59,'impedit','Omnis officiis voluptatem minima dolorem. Assumenda aliquid aut quis consequatur. Natus similique unde nihil expedita. Molestiae numquam accusamus hic iure et voluptatem dolorem.',59),(60,'excepturi','Enim ad architecto vel eaque molestiae nam officia. Rerum debitis in qui laboriosam quo eveniet iusto. Nulla sunt et aut quia. Placeat officiis et ratione.',60),(61,'vitae','In vero enim veniam ullam dolores modi eum. Error nihil harum sapiente occaecati. Qui rerum tenetur nihil dignissimos. Adipisci dolor temporibus velit iusto et.',61),(62,'nobis','Sit eos beatae et fuga eum. Ut nam sit aliquam expedita eius distinctio ut. Quisquam aliquam dignissimos eius ut ut.',62),(63,'eum','Nobis rerum ut tenetur corporis. Dolor qui voluptas est molestias facere sapiente repellat. Aut ab eum voluptatem ab neque. Nam omnis accusantium mollitia rem ab sit.',63),(64,'et','Quasi reprehenderit tenetur est ut. Et fugit et cum qui non explicabo quam.',64),(65,'aut','Dolores architecto necessitatibus sed error culpa praesentium hic dolorum. Aut exercitationem necessitatibus totam maiores. Quidem est quae dolores debitis reprehenderit magni.',65),(66,'voluptatibus','Tempora sunt consequuntur eveniet id. Facere voluptatem sapiente eum. Placeat voluptas asperiores doloribus vel et.',66),(67,'sed','Consequuntur occaecati consectetur nulla et. Odit maxime vel asperiores impedit. Quas est quis sint culpa. Tempora ipsam vel voluptates ut voluptatibus magni et.',67),(68,'commodi','Dolorum perspiciatis laudantium quo qui. Porro provident architecto aut itaque placeat cupiditate ab cumque. Deleniti ut rerum ducimus ab rem quibusdam velit. Deleniti doloribus qui ipsam illo.',68),(69,'ut','Est illum officiis amet autem sed. Autem qui dolore illum omnis sint officiis incidunt dolores. Incidunt officia est vel dolore assumenda vel velit. Architecto sint vero est ut architecto.',69),(70,'rem','Aut alias reiciendis aut exercitationem. Delectus est expedita aliquam ad sed reprehenderit. Vitae sapiente consectetur vero voluptatem quos. Quo iste est ut eum harum et et.',70),(71,'unde','Ratione eligendi nihil laudantium nesciunt facilis. Et quam sit qui id. Cum illo magnam qui dolores et unde blanditiis.',71),(72,'cupiditate','Id veritatis nostrum eum rerum eum corporis quaerat. Praesentium id ea officiis dolores et error. Quia enim quaerat quo perferendis id totam. Quam voluptas ipsum molestiae dolorem sunt.',72),(73,'vero','Eveniet dolorum voluptatem magni voluptas. Minus quae temporibus provident repellendus voluptatum. Sit aut qui sit voluptatem et.',73),(74,'quo','Omnis distinctio nisi natus odit debitis adipisci suscipit. Adipisci ipsam ut enim quo sit. Occaecati neque in tempore tempora. Voluptatibus aliquam doloribus soluta non tempora laboriosam officia.',74),(75,'doloremque','Quidem neque totam aut explicabo et. Eveniet in natus ut neque aut quae eveniet. Aut molestias ut sint animi ad ut. Adipisci quo sunt maxime ducimus.',75),(76,'excepturi','Aut possimus nam corrupti non voluptatem deserunt iure. Id quis est non at rem et. Quia sit voluptatem voluptatem totam. Molestias ipsum sunt quasi et ipsam magnam amet consequatur.',76),(77,'molestiae','Reprehenderit in occaecati illo aut voluptatem. Facilis dignissimos repellendus sint omnis quia ipsa ex ut.',77),(78,'hic','Et ex sint debitis libero ut. Eligendi dolorem eaque ea sed. Nihil est quisquam aspernatur. Fugit id omnis est labore.',78),(79,'qui','Nostrum sed voluptatem necessitatibus odio enim facilis. Nulla et temporibus enim itaque amet. Iusto eos voluptas molestiae sequi eum accusamus. Nisi corporis laudantium omnis quasi voluptatem totam optio quam.',79),(80,'vero','Reiciendis dignissimos nemo cum distinctio suscipit. Quae id illum iste rerum sunt qui odio. Impedit distinctio et autem adipisci. Qui laudantium et ipsum odit.',80),(81,'quia','Distinctio inventore rem optio aut. Sit maiores temporibus qui animi. Sed dicta error voluptate magni cumque aperiam nostrum ratione.',81),(82,'cum','Cupiditate dolorum non temporibus doloremque adipisci ab. Voluptas quaerat voluptates amet beatae accusamus maiores. Eveniet officiis possimus et soluta ipsum.',82),(83,'ut','Necessitatibus totam non similique natus. Velit praesentium eligendi et sit.',83),(84,'quia','Vero iusto placeat et odit. Non nisi modi et quos ut sunt sapiente ut. Et dolores eum blanditiis tenetur quas voluptatem ipsum. Voluptatum provident dolores distinctio hic esse nam mollitia.',84),(85,'sint','Molestias enim pariatur et dolorum ducimus iure debitis. Et cumque magni aspernatur facilis ut id ut aperiam. Nostrum soluta est sint et doloribus. Ut amet rem ut dolor. Rerum quo quia sed reiciendis laboriosam aperiam.',85),(86,'possimus','Sapiente rerum voluptas asperiores et dolore qui. Omnis nisi eveniet dicta. Earum ullam eos deserunt est nulla est saepe.',86),(87,'quia','Qui tempore ad dolor et mollitia. Aliquid voluptatem modi suscipit voluptatibus distinctio eos. Sapiente id quos velit at maxime. Maiores cum quia qui rerum. Ipsum et porro qui adipisci exercitationem molestias veniam dolor.',87),(88,'est','Voluptatem porro reiciendis est temporibus debitis ipsum. Pariatur omnis eligendi repudiandae iure. Accusantium dolorum ut perspiciatis tempora dicta voluptatum. Repudiandae praesentium quo eveniet cum maxime accusantium aspernatur.',88),(89,'sint','Libero esse magni ut labore. Error temporibus eius asperiores provident alias consequatur totam a. Numquam deserunt vero at blanditiis. Voluptas cupiditate tempore est nisi perspiciatis ut et.',89),(90,'delectus','Quo voluptate omnis alias eos nam et. Reprehenderit ex est animi et commodi illum error. Quam exercitationem rem qui autem consequatur. Explicabo dolorum dignissimos sunt quisquam molestiae ab ratione.',90),(91,'culpa','Laborum error eaque voluptas perspiciatis facilis ut. Quis cupiditate ad laboriosam itaque. Consequatur veritatis nesciunt et.',91),(92,'mollitia','Magni molestiae quasi explicabo hic similique ut soluta. Est recusandae eos non enim. Architecto hic quis laboriosam consequatur saepe. Dolor voluptas eius cumque provident numquam impedit.',92),(93,'eum','Accusamus est voluptatum hic vero. Voluptate cumque soluta maiores autem cum. Modi est soluta repellendus qui nulla eveniet id. Placeat est non qui culpa vero eveniet alias. Facilis impedit delectus cumque est omnis.',93),(94,'perferendis','Qui provident consequatur quam veritatis ipsam consequatur. Occaecati libero ipsam rerum aut aut qui. Aut autem quod natus autem distinctio non.',94),(95,'amet','Sunt occaecati omnis velit quae inventore corporis. Pariatur cupiditate nam error est omnis. Voluptatem error quibusdam rerum eos quis. Excepturi laboriosam expedita deserunt optio id temporibus.',95),(96,'sit','Expedita omnis omnis quibusdam. Quia eligendi vel sed voluptates est voluptas. Neque distinctio sit laudantium maxime.',96),(97,'temporibus','Commodi accusantium quod omnis consequatur eveniet. In excepturi nesciunt ducimus eos pariatur quam nobis. Porro libero ratione asperiores distinctio cupiditate quia aut.',97),(98,'distinctio','Quia nemo quos et. Reiciendis fugit dolorem aperiam molestiae. Id quia dolor recusandae occaecati repudiandae deleniti sed. Ex ut qui voluptatem numquam amet.',98),(99,'et','Laboriosam saepe aperiam illo delectus blanditiis. Accusantium cum suscipit ab sint alias. Tenetur tempore ad maiores sit perspiciatis. Qui sapiente et debitis occaecati optio.',99),(100,'ex','Accusantium ducimus cum qui aliquid numquam tenetur inventore. Voluptatem eos consequuntur debitis ratione quasi. Qui ipsa veniam enim officiis.',100);
/*!40000 ALTER TABLE `communities` ENABLE KEYS */;
UNLOCK TABLES;

--
-- Table structure for table `communities_users`
--

DROP TABLE IF EXISTS `communities_users`;
/*!40101 SET @saved_cs_client     = @@character_set_client */;
/*!40101 SET character_set_client = utf8 */;
CREATE TABLE `communities_users` (
  `community_id` bigint(20) unsigned NOT NULL,
  `user_id` bigint(20) unsigned NOT NULL,
  `created_at` datetime NOT NULL DEFAULT current_timestamp(),
  PRIMARY KEY (`community_id`,`user_id`),
  KEY `fk_communities_users_comm_idx` (`community_id`),
  KEY `fk_communities_users_users_idx` (`user_id`),
  CONSTRAINT `fk_communities_users_comm` FOREIGN KEY (`community_id`) REFERENCES `communities` (`id`),
  CONSTRAINT `fk_communities_users_users` FOREIGN KEY (`user_id`) REFERENCES `users` (`id`)
) ENGINE=InnoDB DEFAULT CHARSET=utf8mb4 COLLATE=utf8mb4_unicode_ci;
/*!40101 SET character_set_client = @saved_cs_client */;

--
-- Dumping data for table `communities_users`
--

LOCK TABLES `communities_users` WRITE;
/*!40000 ALTER TABLE `communities_users` DISABLE KEYS */;
INSERT INTO `communities_users` VALUES (1,1,'1978-04-12 09:02:14'),(2,2,'2000-03-22 11:29:19'),(3,3,'2006-06-23 15:33:44'),(4,4,'1989-01-14 11:21:33'),(5,5,'2000-11-04 02:32:23'),(6,6,'2017-01-10 14:57:11'),(7,7,'1983-02-16 15:38:29'),(8,8,'1995-01-04 14:07:42'),(9,9,'1995-03-28 01:20:21'),(10,10,'1985-08-09 12:50:48'),(11,11,'1976-05-15 09:01:11'),(12,12,'1983-07-05 19:35:34'),(13,13,'1970-08-06 17:45:03'),(14,14,'2008-01-31 23:59:29'),(15,15,'1981-11-07 01:06:41'),(16,16,'2009-04-05 02:05:40'),(17,17,'2005-08-27 13:47:14'),(18,18,'2012-10-09 06:17:38'),(19,19,'1986-08-04 21:07:59'),(20,20,'2003-07-10 20:37:39'),(21,21,'2004-11-19 10:08:48'),(22,22,'2000-12-19 02:37:47'),(23,23,'1980-07-22 01:06:24'),(24,24,'2000-09-16 05:15:53'),(25,25,'2017-11-11 06:24:23'),(26,26,'1986-08-02 13:47:28'),(27,27,'1980-05-05 22:23:40'),(28,28,'2014-08-09 19:22:06'),(29,29,'2006-06-17 17:18:17'),(30,30,'1991-12-02 20:45:48'),(31,31,'1977-02-09 14:32:54'),(32,32,'2002-02-02 08:47:30'),(33,33,'1988-02-15 04:55:30'),(34,34,'1992-10-02 09:20:59'),(35,35,'1986-10-10 14:22:43'),(36,36,'2001-12-07 00:02:07'),(37,37,'1989-11-02 11:59:08'),(38,38,'1986-07-30 07:16:29'),(39,39,'2002-01-01 16:31:16'),(40,40,'1978-10-30 22:26:06'),(41,41,'2015-08-30 09:28:46'),(42,42,'2009-11-12 07:10:40'),(43,43,'2004-04-08 22:34:01'),(44,44,'2010-08-16 15:19:15'),(45,45,'2003-12-13 20:09:21'),(46,46,'1986-04-08 20:52:13'),(47,47,'2013-12-16 02:20:42'),(48,48,'1989-07-11 03:26:08'),(49,49,'1990-06-21 20:36:06'),(50,50,'2008-11-04 17:57:17'),(51,51,'1978-02-17 10:23:40'),(52,52,'2019-08-17 01:46:52'),(53,53,'1996-12-22 20:22:04'),(54,54,'1970-09-29 22:51:57'),(55,55,'2011-10-31 20:00:16'),(56,56,'1988-01-11 19:09:23'),(57,57,'2002-09-13 04:48:38'),(58,58,'1991-12-06 16:13:49'),(59,59,'2014-04-16 03:07:48'),(60,60,'1973-03-01 21:20:53'),(61,61,'2006-02-15 21:38:59'),(62,62,'2006-04-29 23:52:32'),(63,63,'1983-08-23 18:50:33'),(64,64,'1978-09-05 23:15:07'),(65,65,'1990-04-16 21:21:46'),(66,66,'2017-01-04 23:47:59'),(67,67,'1987-01-01 20:22:00'),(68,68,'2003-08-01 15:04:17'),(69,69,'2010-05-15 23:47:55'),(70,70,'2017-06-08 02:26:42'),(71,71,'2009-01-21 12:20:19'),(72,72,'2012-04-26 19:06:22'),(73,73,'1978-04-20 03:29:33'),(74,74,'1998-02-14 23:56:52'),(75,75,'2008-05-29 23:29:06'),(76,76,'1999-09-12 22:00:48'),(77,77,'2015-07-16 06:02:36'),(78,78,'1989-05-04 13:18:54'),(79,79,'1999-07-27 16:58:33'),(80,80,'1987-04-29 06:37:56'),(81,81,'1970-06-01 10:05:27'),(82,82,'1979-07-18 14:27:37'),(83,83,'2008-10-13 09:39:04'),(84,84,'1976-01-12 08:49:26'),(85,85,'2018-05-13 08:02:20'),(86,86,'2015-04-22 09:25:20'),(87,87,'1982-02-20 00:44:10'),(88,88,'2000-09-10 23:23:10'),(89,89,'2017-03-16 20:55:50'),(90,90,'2005-07-13 17:26:31'),(91,91,'1983-07-10 19:36:27'),(92,92,'1972-06-12 08:19:32'),(93,93,'1989-09-21 13:23:05'),(94,94,'1974-04-11 13:25:34'),(95,95,'1999-08-29 07:08:37'),(96,96,'1989-11-29 13:57:19'),(97,97,'2004-05-20 20:22:20'),(98,98,'1999-06-19 21:11:57'),(99,99,'1996-05-31 02:58:24'),(100,100,'1996-06-30 00:59:06');
/*!40000 ALTER TABLE `communities_users` ENABLE KEYS */;
UNLOCK TABLES;

--
-- Table structure for table `friend_requests`
--

DROP TABLE IF EXISTS `friend_requests`;
/*!40101 SET @saved_cs_client     = @@character_set_client */;
/*!40101 SET character_set_client = utf8 */;
CREATE TABLE `friend_requests` (
  `from_user_id` bigint(20) unsigned NOT NULL,
  `to_user_id` bigint(20) unsigned NOT NULL,
  `accepted` tinyint(1) DEFAULT 0,
  `created_at` datetime DEFAULT current_timestamp(),
  `updated_at` datetime DEFAULT NULL ON UPDATE current_timestamp(),
  PRIMARY KEY (`from_user_id`,`to_user_id`),
  KEY `fk_friend_requests_from_user_idx` (`from_user_id`),
  KEY `fk_friend_requests_to_user_idx` (`to_user_id`),
  CONSTRAINT `fk_friend_requests_users_1` FOREIGN KEY (`from_user_id`) REFERENCES `users` (`id`),
  CONSTRAINT `fk_friend_requests_users_2` FOREIGN KEY (`to_user_id`) REFERENCES `users` (`id`)
) ENGINE=InnoDB DEFAULT CHARSET=utf8mb4 COLLATE=utf8mb4_unicode_ci;
/*!40101 SET character_set_client = @saved_cs_client */;

--
-- Dumping data for table `friend_requests`
--

LOCK TABLES `friend_requests` WRITE;
/*!40000 ALTER TABLE `friend_requests` DISABLE KEYS */;
INSERT INTO `friend_requests` VALUES (1,1,0,'2007-07-20 15:37:16','1991-01-28 08:56:10'),(2,2,0,'2002-10-17 03:21:56','1980-05-11 03:18:37'),(3,3,0,'1985-01-10 20:09:45','2001-01-15 08:39:23'),(4,4,0,'1993-10-04 04:00:36','1970-05-13 19:36:39'),(5,5,0,'1988-07-28 23:46:14','2014-11-21 18:59:11'),(6,6,0,'2000-08-23 16:14:03','1970-02-24 15:46:09'),(7,7,0,'1992-11-17 16:25:22','1981-09-15 02:49:40'),(8,8,0,'1984-03-03 05:08:10','1988-08-21 12:26:33'),(9,9,0,'2018-05-15 23:28:04','2005-01-08 12:29:09'),(10,10,0,'2001-08-28 21:22:06','1976-02-27 20:43:01'),(11,11,0,'1989-09-01 11:45:32','1995-09-18 16:26:07'),(12,12,0,'1997-04-17 14:10:54','2001-08-31 19:02:59'),(13,13,0,'2008-12-31 07:03:46','2005-02-18 07:33:13'),(14,14,0,'2021-01-09 12:55:28','1973-11-09 00:07:59'),(15,15,0,'1972-04-13 18:33:40','2002-05-31 02:47:43'),(16,16,0,'1977-07-20 11:20:16','1981-07-26 22:00:12'),(17,17,0,'1994-09-19 19:58:00','1979-02-10 01:55:11'),(18,18,0,'2016-03-02 23:55:16','1990-04-14 00:55:50'),(19,19,0,'2010-11-17 18:09:25','2010-05-09 20:07:41'),(20,20,0,'1974-11-07 16:47:15','1973-08-14 16:46:05'),(21,21,0,'1984-09-10 15:03:49','1998-07-25 10:44:51'),(22,22,0,'2005-06-11 20:46:53','1991-03-08 07:05:20'),(23,23,0,'1997-04-06 17:26:17','1986-01-19 12:06:39'),(24,24,0,'2017-05-14 19:18:05','2018-10-19 12:30:38'),(25,25,0,'1983-04-25 08:17:34','1985-02-18 04:34:23'),(26,26,0,'1974-03-26 10:01:17','2012-09-12 19:15:29'),(27,27,0,'1975-02-10 17:00:09','1974-10-18 05:24:47'),(28,28,0,'2014-05-23 02:46:57','1996-08-12 15:19:23'),(29,29,0,'1979-08-16 01:58:35','1978-07-30 12:14:42'),(30,30,0,'1987-02-06 12:26:04','2003-10-30 03:19:27'),(31,31,0,'2015-07-11 07:39:20','2020-07-19 07:46:39'),(32,32,0,'2000-09-18 17:14:00','2003-09-10 18:53:25'),(33,33,0,'2004-09-27 11:01:20','2009-11-13 17:27:27'),(34,34,0,'1972-05-04 18:37:14','1974-09-02 15:44:17'),(35,35,0,'2008-01-04 02:04:14','1984-01-05 10:10:51'),(36,36,0,'2009-06-30 09:59:46','2011-06-13 13:53:16'),(37,37,0,'2018-09-13 18:34:16','1975-09-11 23:44:59'),(38,38,0,'1981-08-27 12:06:15','1976-07-26 01:35:03'),(39,39,0,'1996-02-14 16:37:01','2020-01-17 09:42:57'),(40,40,0,'2005-01-03 18:25:55','1972-12-11 19:01:32'),(41,41,0,'1998-05-18 13:23:00','1994-03-08 17:49:36'),(42,42,0,'2016-09-14 08:26:07','2002-01-01 10:53:36'),(43,43,0,'2003-07-21 09:45:26','1987-06-04 21:22:55'),(44,44,0,'1997-09-24 18:18:20','2000-04-01 09:49:35'),(45,45,0,'1982-08-23 19:54:27','1989-10-05 15:40:24'),(46,46,0,'1973-09-09 19:00:48','1973-11-07 14:59:00'),(47,47,0,'2016-06-26 03:19:04','1989-05-19 14:24:11'),(48,48,0,'1999-06-16 22:39:24','2009-07-21 21:51:49'),(49,49,0,'2004-04-06 14:24:21','1975-09-08 22:49:08'),(50,50,0,'1975-10-19 09:36:35','2004-03-09 01:12:06'),(51,51,0,'2000-01-28 20:59:37','1986-07-01 06:22:54'),(52,52,0,'1996-02-08 13:48:14','1988-09-06 13:07:03'),(53,53,0,'1993-12-18 00:43:15','2012-03-21 23:58:39'),(54,54,0,'2014-10-14 02:31:53','2010-07-17 14:57:09'),(55,55,0,'1971-12-02 06:20:24','2016-07-17 01:27:01'),(56,56,0,'2003-03-19 17:22:44','2020-03-16 03:08:10'),(57,57,0,'1978-05-24 16:47:52','2002-07-09 16:05:01'),(58,58,0,'1979-01-15 14:12:58','2010-04-19 20:45:57'),(59,59,0,'1973-08-29 05:56:24','2020-12-19 16:25:06'),(60,60,0,'2007-09-07 19:40:37','1994-11-04 22:35:39'),(61,61,0,'1978-04-22 07:30:31','2007-11-24 19:53:19'),(62,62,0,'1994-09-06 08:14:42','2001-04-03 18:55:57'),(63,63,0,'1989-09-23 20:35:42','2006-08-13 10:35:37'),(64,64,0,'1976-04-23 15:21:52','1995-09-15 08:23:44'),(65,65,0,'1988-07-15 23:27:27','1971-07-03 17:54:00'),(66,66,0,'1978-04-17 13:57:12','2015-03-10 16:47:47'),(67,67,0,'2014-02-05 10:27:02','1982-04-04 10:59:27'),(68,68,0,'2002-06-21 12:49:11','1974-11-14 10:34:27'),(69,69,0,'2010-07-06 12:08:55','1983-12-01 18:42:22'),(70,70,0,'2001-01-17 10:39:25','1981-09-12 08:06:22'),(71,71,0,'1998-09-19 01:00:01','1978-10-02 00:53:03'),(72,72,0,'2003-06-28 00:45:31','1977-04-27 15:09:38'),(73,73,0,'2014-12-10 04:36:03','2009-10-31 11:50:26'),(74,74,0,'1983-05-11 07:04:27','2003-02-24 18:46:25'),(75,75,0,'1981-05-18 06:57:18','1985-08-16 18:16:41'),(76,76,0,'1997-04-22 05:12:42','1982-02-05 14:51:57'),(77,77,0,'2004-05-06 03:41:37','2014-12-16 06:22:48'),(78,78,0,'2018-01-24 09:32:34','1989-11-12 10:33:09'),(79,79,0,'1985-07-20 03:25:19','2009-08-27 02:54:18'),(80,80,0,'2005-12-22 23:30:15','1976-09-17 21:54:28'),(81,81,0,'1982-08-15 14:29:02','1973-12-24 10:44:45'),(82,82,0,'1994-06-25 15:39:58','1984-10-19 14:54:50'),(83,83,0,'2018-02-10 10:29:37','2014-07-22 22:42:44'),(84,84,0,'2011-05-21 03:07:37','1980-10-17 05:38:38'),(85,85,0,'1970-06-11 12:13:31','2013-09-11 01:09:35'),(86,86,0,'1971-02-17 11:42:16','1985-05-29 08:39:37'),(87,87,0,'2011-06-17 14:37:40','2018-11-18 04:27:32'),(88,88,0,'1987-04-08 10:46:41','1983-02-16 04:27:59'),(89,89,0,'1975-12-27 08:08:15','2007-08-18 02:16:45'),(90,90,0,'1979-11-19 13:52:44','1997-06-06 00:50:04'),(91,91,0,'1970-08-31 04:24:57','1972-03-17 04:20:07'),(92,92,0,'1991-10-27 01:57:58','1997-06-30 04:18:46'),(93,93,0,'1992-03-30 07:34:24','2017-10-25 04:37:47'),(94,94,0,'2020-10-08 14:48:14','1990-05-01 19:46:04'),(95,95,0,'2007-06-24 03:45:19','2016-04-18 05:40:10'),(96,96,0,'1978-06-19 08:33:55','2003-12-26 11:33:52'),(97,97,0,'1970-09-05 02:52:53','2007-09-11 12:06:24'),(98,98,0,'1976-08-20 12:01:20','2007-04-11 17:27:03'),(99,99,0,'1997-01-13 14:41:16','2012-11-06 01:42:38'),(100,100,0,'1991-02-23 19:28:16','1984-02-08 23:56:29');
/*!40000 ALTER TABLE `friend_requests` ENABLE KEYS */;
UNLOCK TABLES;

--
-- Table structure for table `media`
--

DROP TABLE IF EXISTS `media`;
/*!40101 SET @saved_cs_client     = @@character_set_client */;
/*!40101 SET character_set_client = utf8 */;
CREATE TABLE `media` (
  `id` bigint(20) unsigned NOT NULL AUTO_INCREMENT,
  `user_id` bigint(20) unsigned NOT NULL,
  `media_types_id` int(10) unsigned NOT NULL,
  `file_name` varchar(245) COLLATE utf8mb4_unicode_ci DEFAULT NULL COMMENT '/files/folder/img.png',
  `file_size` bigint(20) DEFAULT NULL,
  `created_at` datetime NOT NULL DEFAULT current_timestamp(),
  PRIMARY KEY (`id`),
  KEY `fk_media_media_types_idx` (`media_types_id`),
  KEY `fk_media_users_idx` (`user_id`),
  CONSTRAINT `fk_media_media_types` FOREIGN KEY (`media_types_id`) REFERENCES `media_types` (`id`),
  CONSTRAINT `fk_media_users` FOREIGN KEY (`user_id`) REFERENCES `users` (`id`)
) ENGINE=InnoDB AUTO_INCREMENT=101 DEFAULT CHARSET=utf8mb4 COLLATE=utf8mb4_unicode_ci;
/*!40101 SET character_set_client = @saved_cs_client */;

--
-- Dumping data for table `media`
--

LOCK TABLES `media` WRITE;
/*!40000 ALTER TABLE `media` DISABLE KEYS */;
INSERT INTO `media` VALUES (1,1,1,'debitis',91001012,'2003-11-26 15:12:49'),(2,2,2,'vero',46787,'1980-05-06 18:39:07'),(3,3,3,'sunt',24,'2018-07-10 06:36:04'),(4,4,4,'voluptas',5653,'1982-07-26 11:38:46'),(5,5,1,'sed',91361,'1996-11-21 16:54:01'),(6,6,2,'est',3337366,'2004-08-24 18:11:33'),(7,7,3,'eum',6,'2007-07-03 02:02:24'),(8,8,4,'reprehenderit',72304,'1996-03-20 00:36:44'),(9,9,1,'voluptates',1151525,'2007-12-15 00:48:03'),(10,10,2,'perferendis',77,'1983-07-07 23:12:17'),(11,11,3,'nihil',319,'1984-10-23 16:06:44'),(12,12,4,'laudantium',482821186,'2003-08-17 09:40:58'),(13,13,1,'et',303014,'1992-02-04 16:23:34'),(14,14,2,'corrupti',83,'2008-03-26 07:26:59'),(15,15,3,'alias',9,'2012-11-24 21:58:22'),(16,16,4,'ea',85,'2020-12-07 13:01:24'),(17,17,1,'id',4385,'1975-10-21 22:49:46'),(18,18,2,'quod',0,'1974-11-06 11:03:12'),(19,19,3,'possimus',7,'1981-11-09 02:57:17'),(20,20,4,'quasi',83819404,'2014-02-28 22:39:14'),(21,21,1,'eius',0,'1975-03-25 02:43:13'),(22,22,2,'sint',55563,'2008-08-26 18:43:55'),(23,23,3,'et',0,'1982-08-23 02:23:56'),(24,24,4,'autem',2,'1973-09-30 13:25:56'),(25,25,1,'laboriosam',49514,'2015-12-06 08:52:12'),(26,26,2,'expedita',6226288,'1988-12-11 06:59:10'),(27,27,3,'totam',24026532,'1984-10-17 06:26:36'),(28,28,4,'ut',242,'2015-11-06 16:22:05'),(29,29,1,'est',1989636,'1998-03-22 21:58:26'),(30,30,2,'ipsum',342,'2013-08-27 09:52:50'),(31,31,3,'nihil',8478577,'1993-11-20 17:34:48'),(32,32,4,'eum',94027,'2005-04-19 16:14:10'),(33,33,1,'autem',6,'2004-06-29 08:42:25'),(34,34,2,'et',77010800,'1982-06-26 08:29:33'),(35,35,3,'dolorum',8,'1977-08-27 20:39:55'),(36,36,4,'blanditiis',85599444,'1996-07-14 21:27:24'),(37,37,1,'eaque',989805,'1971-05-15 23:49:21'),(38,38,2,'nemo',0,'2019-04-27 15:45:50'),(39,39,3,'numquam',97041185,'1988-11-27 20:26:50'),(40,40,4,'est',82752,'2012-09-09 02:45:47'),(41,41,1,'aut',330,'1972-08-19 12:43:04'),(42,42,2,'aliquam',4191,'2013-02-01 16:30:15'),(43,43,3,'sed',3105930,'1976-12-10 11:33:15'),(44,44,4,'corporis',26450,'2016-02-27 00:42:13'),(45,45,1,'temporibus',79,'2005-06-11 10:20:17'),(46,46,2,'repellat',89405,'1970-04-17 09:09:01'),(47,47,3,'excepturi',16800,'1994-06-14 19:33:37'),(48,48,4,'natus',17612763,'2014-04-26 10:51:34'),(49,49,1,'dolorem',21722,'1989-08-15 07:20:06'),(50,50,2,'non',158365304,'2019-02-07 05:20:22'),(51,51,3,'at',0,'2008-04-03 03:44:51'),(52,52,4,'consequatur',1370,'2000-09-06 15:35:13'),(53,53,1,'quia',2311,'2003-07-24 12:15:28'),(54,54,2,'dolor',69612018,'1993-03-12 08:40:38'),(55,55,3,'aut',1419,'1987-01-26 16:36:12'),(56,56,4,'nobis',70946872,'2019-11-14 12:31:13'),(57,57,1,'tenetur',15,'1999-12-13 17:12:14'),(58,58,2,'consequatur',0,'1990-10-22 07:02:08'),(59,59,3,'reiciendis',5045,'1975-05-09 23:41:07'),(60,60,4,'ut',186368848,'1975-06-12 17:17:14'),(61,61,1,'at',7,'2011-06-28 05:38:45'),(62,62,2,'aut',5,'2014-05-19 01:08:01'),(63,63,3,'eius',71188,'1978-08-25 22:57:36'),(64,64,4,'sunt',6,'2004-11-05 07:25:46'),(65,65,1,'itaque',0,'1984-12-07 13:49:22'),(66,66,2,'dolor',9281941,'1985-12-12 09:52:24'),(67,67,3,'aut',9410484,'2002-08-19 12:53:42'),(68,68,4,'ut',20,'2007-12-14 02:01:15'),(69,69,1,'itaque',885,'1990-09-26 05:21:00'),(70,70,2,'mollitia',5795430,'1995-04-10 22:58:53'),(71,71,3,'sint',869864,'2013-11-26 17:49:26'),(72,72,4,'est',0,'1993-12-01 04:19:22'),(73,73,1,'esse',60554329,'1986-03-27 11:24:41'),(74,74,2,'reiciendis',87633,'1980-04-25 20:49:25'),(75,75,3,'a',353863099,'1997-10-29 15:17:26'),(76,76,4,'molestias',60759465,'2008-11-26 02:45:03'),(77,77,1,'voluptatem',47,'1982-02-21 01:41:19'),(78,78,2,'voluptas',6468999,'1991-05-22 04:49:15'),(79,79,3,'officiis',58,'2014-09-26 02:01:12'),(80,80,4,'quia',958307,'2003-01-09 07:22:09'),(81,81,1,'et',49079,'1973-02-21 06:00:40'),(82,82,2,'qui',386174902,'2015-03-14 09:08:37'),(83,83,3,'est',696144085,'1982-02-24 03:16:24'),(84,84,4,'quia',427256344,'2021-01-01 11:47:52'),(85,85,1,'similique',132,'1978-01-10 16:55:23'),(86,86,2,'dolor',756214968,'1980-04-29 19:39:48'),(87,87,3,'veritatis',3021289,'1977-10-09 12:37:26'),(88,88,4,'corrupti',766,'2012-04-18 22:08:10'),(89,89,1,'debitis',5,'1970-11-22 19:05:20'),(90,90,2,'qui',0,'2019-10-01 10:06:27'),(91,91,3,'fuga',0,'2001-02-27 17:42:09'),(92,92,4,'neque',338016737,'2000-02-13 21:20:42'),(93,93,1,'commodi',8452166,'1985-12-12 13:49:35'),(94,94,2,'sapiente',3,'1996-06-01 08:34:07'),(95,95,3,'voluptatum',6,'1973-11-06 00:53:30'),(96,96,4,'exercitationem',40519,'2002-03-04 13:46:36'),(97,97,1,'voluptatibus',651,'2016-03-01 05:14:41'),(98,98,2,'dolor',66374372,'2019-06-10 18:56:35'),(99,99,3,'mollitia',773481825,'1979-03-24 05:11:59'),(100,100,4,'debitis',1855,'2002-12-21 11:09:25');
/*!40000 ALTER TABLE `media` ENABLE KEYS */;
UNLOCK TABLES;

--
-- Table structure for table `media_types`
--

DROP TABLE IF EXISTS `media_types`;
/*!40101 SET @saved_cs_client     = @@character_set_client */;
/*!40101 SET character_set_client = utf8 */;
CREATE TABLE `media_types` (
  `id` int(10) unsigned NOT NULL AUTO_INCREMENT,
  `name` varchar(45) COLLATE utf8mb4_unicode_ci NOT NULL,
  PRIMARY KEY (`id`),
  UNIQUE KEY `name` (`name`)
) ENGINE=InnoDB AUTO_INCREMENT=5 DEFAULT CHARSET=utf8mb4 COLLATE=utf8mb4_unicode_ci;
/*!40101 SET character_set_client = @saved_cs_client */;

--
-- Dumping data for table `media_types`
--

LOCK TABLES `media_types` WRITE;
/*!40000 ALTER TABLE `media_types` DISABLE KEYS */;
INSERT INTO `media_types` VALUES (2,'application/vnd.dolby.mlp'),(1,'application/vnd.lotus-approach'),(4,'application/vnd.oasis.opendocument.text-templ'),(3,'application/vnd.rig.cryptonote');
/*!40000 ALTER TABLE `media_types` ENABLE KEYS */;
UNLOCK TABLES;

/* Задание номер 3
 * Написать запрос для переименования названий 
 * типов медиа (колонка name в media_types)
 * в осмысленные для полученного дампа 
 * с данными (например, в "фото", "видео", ...).
 */
DESCRIBE media_types;

SET FOREIGN_KEY_CHECKS = 0; 
TRUNCATE TABLE media_types;
SET FOREIGN_KEY_CHECKS = 1;

INSERT INTO media_types(id, name)
VALUES (1, 'foto'), (2, 'video'), (3, 'audio'), (4, 'gif');

SELECT * FROM media_types;

--
-- Table structure for table `messages`
--

DROP TABLE IF EXISTS `messages`;
/*!40101 SET @saved_cs_client     = @@character_set_client */;
/*!40101 SET character_set_client = utf8 */;
CREATE TABLE `messages` (
  `id` bigint(20) unsigned NOT NULL AUTO_INCREMENT,
  `from_user_id` bigint(20) unsigned NOT NULL,
  `to_user_id` bigint(20) unsigned NOT NULL,
  `txt` text COLLATE utf8mb4_unicode_ci NOT NULL,
  `is_delivered` tinyint(1) DEFAULT 0,
  `created_at` datetime NOT NULL DEFAULT current_timestamp(),
  `updated_at` datetime DEFAULT NULL ON UPDATE current_timestamp(),
  PRIMARY KEY (`id`),
  KEY `fk_messages_from_user_idx` (`from_user_id`),
  KEY `fk_messages_to_user_idx` (`to_user_id`),
  CONSTRAINT `fk_messages_users_1` FOREIGN KEY (`from_user_id`) REFERENCES `users` (`id`),
  CONSTRAINT `fk_messages_users_2` FOREIGN KEY (`to_user_id`) REFERENCES `users` (`id`)
) ENGINE=InnoDB AUTO_INCREMENT=101 DEFAULT CHARSET=utf8mb4 COLLATE=utf8mb4_unicode_ci;
/*!40101 SET character_set_client = @saved_cs_client */;

--
-- Dumping data for table `messages`
--

LOCK TABLES `messages` WRITE;
/*!40000 ALTER TABLE `messages` DISABLE KEYS */;
INSERT INTO `messages` VALUES (1,1,1,'Maxime odit tempora dolores cupiditate magni vero et. Sed voluptate sed maxime aliquam aut harum eius. Est labore est voluptas quam minima illo fugit. Eius dolorem est eveniet repellat et ducimus.',0,'1988-12-16 08:26:44','2001-05-18 10:28:49'),(2,2,2,'Voluptate consequatur aspernatur velit alias totam. Veritatis id sed tempore et aliquam ducimus. Saepe beatae eos sequi nihil autem nisi. Nostrum quas velit quia laudantium.',0,'1970-09-21 10:13:43','1996-04-22 01:18:15'),(3,3,3,'Explicabo a suscipit sed minus error voluptas nobis. Reiciendis dolor explicabo ipsum in ad. Ullam laudantium aut cumque.',1,'1985-12-08 14:40:20','1999-08-31 11:18:24'),(4,4,4,'Et eveniet occaecati soluta. Adipisci nihil repellat quod quasi sed.\nVel ullam et est. Eius pariatur numquam modi ipsam fugiat expedita. Quia nemo blanditiis alias.',1,'2003-11-12 13:41:41','1997-08-26 13:07:28'),(5,5,5,'Non provident modi aliquid. Et eveniet unde nemo quas.',1,'1980-04-13 23:31:33','1985-03-22 09:11:28'),(6,6,6,'Minima optio qui quis qui qui. Aut at voluptatibus sit accusamus ea id iusto recusandae. Eos unde expedita dignissimos cum.',0,'1985-08-18 10:15:09','1990-05-08 00:05:16'),(7,7,7,'Ex voluptatem alias numquam voluptatem repudiandae excepturi. Fugit aut enim nihil veritatis. Quia quo voluptas consequatur.',0,'2011-07-17 19:51:55','2011-03-27 09:47:45'),(8,8,8,'Hic sed nulla corrupti ut dolor omnis ipsam. Qui ratione non modi nam distinctio architecto. Ut voluptas animi et consequatur asperiores doloribus. Ex illum quasi quo vel illum inventore.',0,'1993-10-13 12:16:47','2013-05-14 22:32:41'),(9,9,9,'Voluptate ea repellendus numquam quae eveniet. Omnis iusto non repellat modi. Ut eaque sed qui quia.',1,'2005-01-02 23:45:29','1971-06-04 18:08:30'),(10,10,10,'Molestiae qui blanditiis error nobis et. Quae mollitia corrupti fuga molestias aliquid. Sapiente inventore et quia omnis dicta. Molestias laboriosam inventore repellat vero.',1,'1981-07-10 02:36:06','1991-12-27 03:29:34'),(11,11,11,'Facilis fugit consectetur voluptas vero est pariatur. Veniam quaerat natus illum sapiente sint sed. Cum mollitia maiores animi.',0,'1998-02-06 19:36:08','2006-06-16 17:32:07'),(12,12,12,'Aut nam molestiae doloribus voluptatem unde. Beatae culpa vero aperiam et facere cum pariatur. Autem quisquam ullam est mollitia accusantium est. Eaque eius sint et temporibus.',1,'2012-07-25 16:47:12','2014-05-14 23:38:34'),(13,13,13,'Sunt velit nihil enim minus voluptatum. Quia doloremque amet harum reiciendis aut. Dignissimos cupiditate saepe eum atque ex consequatur illo. Ducimus provident facilis dolorum aliquid et eum.',1,'1984-06-14 11:25:55','2008-02-10 05:32:41'),(14,14,14,'Laudantium possimus laboriosam ipsa dolorem. Magnam doloremque odio rerum aut nihil nemo. Expedita deserunt consectetur rerum iure aliquid voluptatem. Corrupti et quia rem et.',0,'2011-01-20 12:33:33','1991-11-15 20:46:24'),(15,15,15,'Fuga qui eos minima ipsa deleniti corrupti sint. Eius deleniti est dolorem. Rerum et sunt et rerum perspiciatis.',1,'1982-04-11 22:19:44','2006-11-06 20:55:40'),(16,16,16,'Rerum non enim aspernatur a odio. Aliquam magni dolore cum facilis qui ad. Maiores fugiat aperiam quam sunt quos veniam. Minus voluptas non odio id ipsam.',1,'1974-04-13 10:06:50','1994-01-11 04:55:49'),(17,17,17,'Nisi qui voluptatem quia porro ducimus esse repellat vel. Ex ratione porro exercitationem. Quisquam accusantium aliquam molestias nulla et voluptas aut.',0,'1976-04-23 20:47:27','2020-04-24 07:43:32'),(18,18,18,'Sunt quod voluptatem adipisci nobis sint. Quia est quibusdam iusto voluptates in rerum. Molestias dignissimos rerum ut adipisci cupiditate odit optio.',1,'2018-01-26 00:22:54','2017-05-15 08:59:35'),(19,19,19,'Delectus praesentium maxime temporibus et. Doloremque est qui eos beatae quo vero. Necessitatibus facere ut velit odit et maiores omnis.',0,'2009-01-15 16:30:27','1996-11-07 06:03:25'),(20,20,20,'Voluptas sint quasi officia accusantium libero architecto. Reiciendis ipsum quidem deserunt quia provident. Quisquam necessitatibus sed quia at sed iure.',1,'2010-07-15 18:24:30','1974-11-16 21:59:08'),(21,21,21,'Consequuntur vitae omnis cum ipsa voluptatum expedita quas. Vero veniam aut distinctio aliquam. Doloribus dicta possimus est enim reiciendis. Repellat fugit maxime consequuntur et at.',1,'1997-06-26 18:23:27','1993-09-16 08:29:39'),(22,22,22,'Nihil non eos mollitia consequatur. Velit quia optio blanditiis earum et. Inventore aspernatur voluptates assumenda consequuntur aut quia fuga. Iste dicta esse blanditiis itaque et omnis quis.',0,'1997-01-26 09:48:08','2011-09-21 13:52:19'),(23,23,23,'Odit dicta earum recusandae veritatis. Esse illum eligendi ullam. Molestiae voluptatem dolores eaque sit saepe totam officiis.',0,'1978-05-25 22:43:34','1987-05-05 19:31:31'),(24,24,24,'Velit unde molestiae rerum illo. Consequatur praesentium voluptates aut eos unde et. Repellat autem repellat quia.',0,'2008-08-17 05:06:23','1980-06-15 02:09:11'),(25,25,25,'Illum quam aspernatur sit dignissimos corporis id. Est numquam id pariatur fuga molestiae veniam dolore vitae. Non odit neque enim.',1,'1982-10-22 15:01:49','1997-12-07 17:00:13'),(26,26,26,'Necessitatibus eius eum quisquam fugit. Quidem et et ut fuga quasi. Accusamus et est cupiditate cupiditate excepturi aut quia. Dignissimos numquam modi rerum dolores veniam inventore deleniti.',1,'1983-10-13 21:17:07','1975-05-01 09:03:47'),(27,27,27,'Quidem et labore minus quaerat. Praesentium illum et ipsa iste aut. Rem et reprehenderit laboriosam excepturi placeat error aut deleniti.',1,'1982-10-28 18:56:56','1996-05-05 04:26:15'),(28,28,28,'Distinctio corrupti impedit velit consequatur aliquid quia dolorem. Perferendis tempore assumenda ducimus et et numquam id blanditiis. Delectus esse temporibus est consequatur perferendis quo.',1,'1984-05-04 14:54:31','1987-08-22 19:27:37'),(29,29,29,'Odit nesciunt sit et et. Aut quae numquam placeat dignissimos nobis.\nVel sequi et iste aut vel perferendis. Sunt porro provident similique recusandae. Ipsum fuga modi eaque natus sed totam.',0,'1975-02-03 08:01:03','1976-03-28 07:08:13'),(30,30,30,'Sint est natus veritatis quaerat sed odio ducimus. Quae iste rerum nisi dicta molestiae soluta praesentium. Qui quia ipsam odit nobis.',0,'1970-07-26 22:12:58','1996-12-03 19:34:00'),(31,31,31,'Rerum qui atque ad quaerat nemo. Nisi et laborum omnis nesciunt autem. Doloribus voluptatem doloremque temporibus vel voluptas. Culpa porro qui expedita voluptatibus non molestiae consequatur qui.',0,'1974-01-04 23:56:26','2019-07-24 17:58:27'),(32,32,32,'Et eius et ducimus doloremque. Odio quia aut sed sed facere qui.\nNemo voluptates fugit voluptatum deleniti. Ducimus repellendus saepe voluptatum culpa. Est nihil odit vero nihil aut velit.',0,'2018-02-16 20:26:11','1974-09-04 21:44:55'),(33,33,33,'Aut quam fugiat esse qui sint. Quo ex et unde velit est dolor dolores. Autem et molestiae vero sed nihil.',1,'1983-05-04 12:12:01','1975-08-08 06:08:30'),(34,34,34,'Sunt voluptatem non odio recusandae doloremque recusandae cupiditate. Aperiam qui cumque reprehenderit explicabo. Vel placeat maiores voluptas quasi.',1,'2004-01-20 10:59:50','1999-04-10 08:37:26'),(35,35,35,'Ut explicabo amet sunt. Fugit autem earum asperiores illo minima corporis velit. Quo eius quia sed consequatur voluptatibus aut.',1,'1999-09-04 19:13:14','1991-02-12 14:37:25'),(36,36,36,'Vero sed eius iusto rerum aut. Ut odio aut commodi quisquam. Vitae eligendi itaque voluptas ut quis consequatur.',0,'2018-02-18 08:10:53','1977-04-18 04:34:18'),(37,37,37,'Eaque qui non aspernatur sit odit eum sequi. Consequuntur alias maiores tenetur aut. Sapiente facilis ut minima recusandae. Inventore quia sed et maiores ut iusto ad.',1,'1989-03-14 13:20:30','1970-12-14 11:15:50'),(38,38,38,'Occaecati quia voluptatum ipsam quas reiciendis officia autem. Dignissimos doloribus nisi ducimus commodi. Id voluptatem consequatur eligendi culpa ut voluptas. In quia optio sit dolor vitae.',0,'2014-06-01 22:50:05','2014-06-23 01:11:44'),(39,39,39,'Hic ut harum qui qui quo autem. At est voluptatem ut. Incidunt qui aperiam magni.',1,'1996-04-06 04:31:01','2006-12-02 12:30:12'),(40,40,40,'Dolore eum id ipsum fugit cum quod et. Sint et ut nulla eum aliquam. Enim aperiam ipsam sequi illum. Laboriosam vel excepturi dolorem dicta ut dolorem.',1,'1974-08-30 18:28:52','1999-12-21 04:02:08'),(41,41,41,'Magnam voluptatibus consequuntur dolor ea. Reprehenderit nihil non ipsam nobis error. Excepturi deleniti tempora vel.',1,'1972-11-28 22:32:05','1985-01-29 21:35:52'),(42,42,42,'Libero exercitationem sit animi nemo et esse. Enim ut voluptatem tempore. Exercitationem totam aut aut dolores mollitia sed similique et.',1,'1999-03-24 12:52:05','2020-12-22 22:31:54'),(43,43,43,'Ut accusamus necessitatibus et amet sunt aut suscipit non. Sit expedita consequuntur et commodi suscipit. Ratione aliquid quo omnis id ipsum dolore neque in. Placeat vel quaerat fugiat sed.',0,'2020-03-08 10:13:09','1981-05-05 04:27:03'),(44,44,44,'Nesciunt laudantium deleniti maiores possimus. Inventore voluptas minus sint enim. Voluptate id aperiam libero error eum iste sed.',1,'2019-01-27 16:06:28','1986-08-17 00:43:38'),(45,45,45,'Veritatis deserunt quam blanditiis et. Rem et voluptatibus molestias non deleniti ad occaecati. Ut labore debitis sit earum facere.',0,'1973-04-15 20:18:31','2005-04-30 22:44:52'),(46,46,46,'Minima accusamus dolorum et atque molestias consequuntur. Quia autem ut est enim repellendus.',1,'1999-05-06 11:04:47','1990-02-17 05:20:23'),(47,47,47,'Illo dolor modi laborum quisquam rerum. Voluptatem quod quia quod porro asperiores nisi inventore. Ducimus eaque ad illum necessitatibus nam.',1,'1992-04-28 12:15:18','2019-09-07 05:19:58'),(48,48,48,'Repudiandae incidunt consequuntur hic culpa et. Fuga sunt dignissimos id vel reiciendis cumque. Porro qui exercitationem possimus ut voluptatem. Et cupiditate quibusdam maxime modi corrupti.',0,'1999-08-13 19:18:45','2012-12-25 04:29:56'),(49,49,49,'Error non odio doloribus aperiam necessitatibus qui cumque. Quas ut consequatur sit omnis.',1,'1986-05-26 13:32:38','2009-11-30 07:37:54'),(50,50,50,'Vitae maxime nemo voluptas et delectus quo eveniet. Molestiae ab officiis omnis earum eos. Pariatur delectus possimus aut quibusdam. Voluptatem repellendus quidem nihil ipsa eos placeat ratione.',0,'2020-08-11 08:29:00','1982-11-03 18:21:43'),(51,51,51,'Atque necessitatibus animi cupiditate ducimus. Cum sed dolorum rerum dolor rem eos. Laudantium libero quis quia a quis odit.',0,'2002-11-12 09:53:35','2018-05-25 04:38:04'),(52,52,52,'Optio dignissimos laboriosam occaecati magnam. Dolore adipisci impedit itaque minima tenetur et accusantium et. Consectetur aut ipsam est facere. Nisi ut molestias et eligendi ea.',0,'1971-04-12 16:01:37','1979-03-21 12:02:48'),(53,53,53,'Sed autem ea dolore non. Quia temporibus fugiat tempore minus. Optio perspiciatis impedit maiores alias accusantium. Voluptatem suscipit dolor voluptas et tenetur.',1,'1979-02-28 18:09:05','2012-05-06 06:25:42'),(54,54,54,'Fugit eveniet consectetur autem sapiente. Aut dignissimos est sed accusamus. Dolor natus ipsa quia esse qui aut. Adipisci qui itaque quod qui explicabo asperiores fugit.',0,'2002-10-21 10:13:42','1983-09-26 14:10:22'),(55,55,55,'Dolorem vitae vel pariatur beatae eos. A dolorum corrupti provident iusto autem. Doloribus aut pariatur maiores officiis quos et cum similique.',0,'2013-09-09 10:26:28','2006-01-10 02:30:17'),(56,56,56,'Et numquam ipsa occaecati ipsum. Est odit repellat eum tempore excepturi quam. Voluptatem doloribus qui ut nihil eos inventore adipisci. Vel perspiciatis molestiae sequi nobis.',1,'2016-11-29 00:08:34','2001-07-21 09:58:27'),(57,57,57,'Nostrum recusandae harum dignissimos perferendis quam ratione cumque. Consequatur rerum ipsum quis explicabo qui. Consectetur esse omnis dolorum.',1,'1973-12-29 01:27:17','1985-07-06 04:56:00'),(58,58,58,'Enim sint magnam dolor molestiae. Delectus nobis dolor doloribus molestias. Qui ipsum molestiae exercitationem quasi.',0,'1981-07-28 13:29:48','2017-12-03 16:54:40'),(59,59,59,'Est et debitis reprehenderit dignissimos iste officia dolore. Incidunt aut voluptatem magnam. Voluptatibus incidunt aut voluptate ipsum occaecati.',1,'1993-03-07 16:23:31','1978-05-20 06:20:23'),(60,60,60,'Maiores vitae cum aut praesentium dolorem nihil dolor. Sed magnam optio vitae delectus voluptas velit voluptatibus. Reiciendis nihil molestias eos esse.',0,'1997-03-15 18:57:22','2004-06-08 13:55:37'),(61,61,61,'Eligendi et natus earum sit. Voluptatum corporis qui mollitia expedita quae ea. Alias quas et et eum rerum corporis sunt.',1,'2020-02-28 18:51:46','1970-03-14 13:15:23'),(62,62,62,'Culpa quas est hic at accusantium quos explicabo quod. Debitis ratione magni eos iure quidem sequi. Ut repellat ratione ipsa esse vero.',0,'2001-12-17 23:52:30','2015-02-12 05:39:04'),(63,63,63,'Inventore voluptatem placeat expedita incidunt et consequatur. Deleniti consequatur odit eum veritatis. Ut deleniti iste id. Cum nam est tenetur eum.',0,'1999-05-08 00:50:53','2012-11-17 13:37:31'),(64,64,64,'Asperiores quaerat voluptates optio molestiae perspiciatis similique sed. Itaque et nostrum aspernatur. Repellendus quo esse tenetur commodi cupiditate et harum pariatur.',1,'1970-09-01 18:09:06','1991-10-20 23:40:37'),(65,65,65,'Facere eum mollitia delectus optio tempore est sequi. Possimus velit aut facilis sit at. Ut et aut quis cum. Possimus iste facilis consequatur rem delectus natus.',0,'1970-01-25 03:06:56','1983-02-02 04:14:41'),(66,66,66,'Id officia tenetur dolor nam saepe non minima facere. Sit ut aliquid tempore incidunt et doloremque sunt. Ut expedita et nobis qui aliquam. Ipsum laudantium dicta deleniti omnis ut possimus.',0,'2007-11-01 22:38:00','1980-04-21 12:19:15'),(67,67,67,'Rerum molestiae consequatur dolorum. Quia sed aut mollitia voluptatem. Sint ab quos tenetur placeat et sed. Eaque et dignissimos qui labore ex vero.',0,'2017-07-15 10:29:24','1977-08-25 10:52:32'),(68,68,68,'Esse voluptatum eum qui voluptatem. Dignissimos rem et vel quaerat vero quod. Non nulla maxime ea mollitia.',0,'2009-03-11 05:28:40','2017-06-26 21:51:35'),(69,69,69,'Necessitatibus porro voluptates et dolorem. Distinctio veniam non tempore ut dolores. Corporis beatae quia laboriosam dignissimos iure. Quis asperiores aperiam sit ut.',1,'2000-08-11 19:01:14','2010-11-10 02:51:58'),(70,70,70,'Et assumenda voluptatum minima autem dolores et impedit. Tenetur omnis reiciendis totam eos qui ipsa adipisci tempora. Quis nam aut similique ad neque non.',1,'2014-05-26 16:36:17','2006-04-25 11:26:22'),(71,71,71,'Optio illo dignissimos voluptas ut aut. Quo autem reiciendis dolor similique. Veniam eveniet quas cum aliquam. Quam facilis id voluptas voluptatem libero.',1,'1983-01-23 17:20:57','2015-09-09 06:49:10'),(72,72,72,'Quia voluptas tenetur ut doloremque. Inventore corrupti id quibusdam dolorem dicta et. Molestiae dolorem est veritatis soluta dolorum reprehenderit.',0,'1986-03-28 00:59:49','1999-07-06 15:06:08'),(73,73,73,'Minima quia impedit velit est. Et iure aut et sint consequuntur ut voluptatem.\nQuia sit et ad. Vel quos debitis voluptatibus perspiciatis et. Ea et commodi ut eligendi qui.',1,'1974-03-29 04:49:48','2006-12-16 07:56:43'),(74,74,74,'Et rerum quasi vel officiis dolor. Animi est earum error qui. Quam aliquid inventore tenetur cupiditate ducimus consectetur. Omnis laborum quo quos.',1,'1997-05-11 04:59:45','1986-10-02 11:51:57'),(75,75,75,'Est nostrum nihil ipsam voluptatibus facere maxime. Modi cumque numquam aliquam pariatur et rerum. Repellendus quo dolore ut eum esse nobis omnis ut. Dolorem omnis laboriosam doloremque voluptas.',0,'1974-03-24 13:54:03','2001-01-02 01:39:31'),(76,76,76,'Sed voluptatum ea earum dolore. Eius quisquam accusamus autem. Optio alias eligendi explicabo praesentium omnis.',0,'1982-09-07 10:24:01','1999-03-24 09:36:50'),(77,77,77,'Vel mollitia voluptatum ex amet. Non quia ducimus repellat rerum laborum cum. Accusantium accusantium est cupiditate explicabo temporibus iste. Qui nemo labore aliquid fugit consequatur.',0,'2015-08-14 19:38:57','1982-08-18 23:38:15'),(78,78,78,'Mollitia doloribus perferendis sint ut fugiat. Accusamus repudiandae blanditiis non id. Voluptates et tenetur voluptas soluta est labore velit.',0,'1989-04-01 21:49:27','1986-04-28 13:35:46'),(79,79,79,'Ut dolore asperiores quia quas inventore consectetur. Expedita dolorem soluta omnis id autem quidem dolor. Atque sed adipisci minus qui ipsa voluptates in. Nemo omnis asperiores sint.',1,'1976-05-10 14:01:14','2005-02-24 14:21:53'),(80,80,80,'Non possimus qui minima magnam praesentium ab sed. Numquam et illo reiciendis necessitatibus dolorem. Cum in qui voluptas non vel harum enim officia.',0,'1987-11-13 11:13:46','1992-02-08 22:07:55'),(81,81,81,'Eius dolor eius quis porro occaecati. Dolor voluptas quis consequatur voluptatem aliquam sit est. Distinctio deleniti et dolorem alias.',0,'1972-11-22 01:35:07','1987-06-17 07:18:21'),(82,82,82,'Dolorem quibusdam expedita accusantium doloremque voluptatibus consequatur. Cum natus laboriosam ut dolor. Est nulla sit quaerat ratione earum. Ut quibusdam exercitationem aut similique quam.',1,'1993-08-31 17:35:18','2001-02-17 20:17:57'),(83,83,83,'At rerum delectus magnam vitae hic rerum. Quod occaecati occaecati aut corrupti neque temporibus aliquam.',1,'2012-11-29 05:26:08','2003-09-28 15:35:20'),(84,84,84,'Consequatur libero sint commodi dignissimos. Dolorem necessitatibus repellendus reprehenderit eum sit sint dignissimos nostrum.',1,'2004-08-19 03:08:44','1975-01-06 23:04:31'),(85,85,85,'Ut qui quam dolore quis. Voluptatum corporis omnis est nulla quae id. Incidunt veniam exercitationem veritatis qui.',1,'1978-08-04 11:44:05','1973-10-21 12:52:00'),(86,86,86,'Nesciunt libero reprehenderit et repellendus fuga rerum. Quibusdam placeat voluptatum qui earum quia est. Quae recusandae amet provident et vitae.',0,'2002-03-15 09:29:21','2006-11-02 23:11:17'),(87,87,87,'Aliquid consectetur et labore ullam in quis. Voluptates eaque porro quidem dolore atque molestias nam. Et aliquam perspiciatis deserunt placeat autem.',1,'1970-10-18 14:39:06','1990-12-14 02:42:11'),(88,88,88,'Et optio molestiae adipisci rerum aspernatur culpa. Amet sit molestias nihil non eum ut magnam. Consectetur quo occaecati consequatur molestiae eos excepturi omnis aut.',0,'2016-06-13 21:29:48','2013-03-18 12:28:18'),(89,89,89,'Sed quos quia velit et non. Possimus sint fugit modi soluta eligendi sequi soluta. Aspernatur velit dignissimos assumenda est vitae eaque sint.',0,'1972-11-20 11:41:14','1989-06-08 12:29:16'),(90,90,90,'Non asperiores provident illo voluptatibus non sapiente aut cupiditate. Ut tenetur expedita molestiae. Quisquam eos a dolore itaque eaque beatae numquam. Voluptatem a corrupti sed modi soluta.',0,'2006-01-16 20:49:08','2019-10-29 21:37:37'),(91,91,91,'Repellat quas id ducimus culpa qui dolor. Totam vero incidunt quidem quam. Voluptatem nisi velit eaque voluptates dicta.',1,'1985-07-13 18:36:57','1997-09-20 16:11:09'),(92,92,92,'Omnis architecto nostrum ipsam dolorum molestiae. Expedita eveniet qui consequatur molestiae minus repellendus veritatis.',0,'1997-05-17 18:06:13','2017-04-05 11:19:08'),(93,93,93,'Soluta pariatur officiis magnam aliquid. Recusandae necessitatibus quia quos debitis sed sed hic. Adipisci velit ducimus voluptatem ipsa est autem. Facilis porro in quae omnis provident.',1,'2016-11-12 00:24:07','1994-04-04 22:19:01'),(94,94,94,'Corrupti nulla maiores ut omnis odio ab beatae. Numquam consequuntur facilis laboriosam qui. Sit aut qui ut nostrum dolorem. Odit dolorem magni qui autem culpa doloribus laborum.',1,'2003-09-17 18:37:44','2007-05-31 18:13:10'),(95,95,95,'Dolore nihil quasi magnam officiis id voluptate similique. Tenetur velit minima impedit quibusdam recusandae veritatis quia.',0,'2015-10-06 19:32:47','2008-08-07 08:06:44'),(96,96,96,'Nobis qui eos earum iure. Commodi enim minima velit voluptates eaque qui. Non perferendis harum est.',1,'2002-10-01 18:00:48','2018-01-03 08:10:00'),(97,97,97,'Velit temporibus sunt ut reprehenderit. Repellat exercitationem et aliquid omnis dolorem qui et. Dolore quibusdam eum nesciunt quibusdam alias.',0,'2003-11-23 14:22:12','2018-09-21 09:03:36'),(98,98,98,'Architecto neque nisi repellat. Vel atque quidem voluptatem. Eos sed totam rerum illum veniam. Maiores aperiam sunt tempore sint et.',0,'1976-08-23 14:20:16','1998-10-18 23:32:39'),(99,99,99,'Consequatur eaque fugit doloribus libero. Modi velit harum nihil harum. Alias et atque qui sequi sed. Aut ullam officiis sint beatae odio voluptate.',1,'2004-07-20 15:14:09','1970-05-28 07:58:25'),(100,100,100,'Aut et et possimus dolorem dolor quis. Magnam odio rerum molestiae odit labore sapiente. Possimus quod perspiciatis ex quia sequi doloribus unde. Dolor provident quia et sed dignissimos.',0,'2013-04-29 21:30:32','1987-12-06 09:06:15');
/*!40000 ALTER TABLE `messages` ENABLE KEYS */;
UNLOCK TABLES;

--
-- Table structure for table `profiles`
--

DROP TABLE IF EXISTS `profiles`;
/*!40101 SET @saved_cs_client     = @@character_set_client */;
/*!40101 SET character_set_client = utf8 */;
CREATE TABLE `profiles` (
  `user_id` bigint(20) unsigned NOT NULL,
  `gender` enum('f','m','x') COLLATE utf8mb4_unicode_ci NOT NULL,
  `birthday` date NOT NULL,
  `photo_id` bigint(20) unsigned DEFAULT NULL,
  `user_status` varchar(30) COLLATE utf8mb4_unicode_ci DEFAULT NULL,
  `city` varchar(130) COLLATE utf8mb4_unicode_ci DEFAULT NULL,
  `country` varchar(130) COLLATE utf8mb4_unicode_ci DEFAULT NULL,
  UNIQUE KEY `fk_profiles_users_to_idx` (`user_id`),
  UNIQUE KEY `photo_id` (`photo_id`),
  CONSTRAINT `fk_profiles_users` FOREIGN KEY (`user_id`) REFERENCES `users` (`id`)
) ENGINE=InnoDB DEFAULT CHARSET=utf8mb4 COLLATE=utf8mb4_unicode_ci;
/*!40101 SET character_set_client = @saved_cs_client */;

--
-- Dumping data for table `profiles`
--

LOCK TABLES `profiles` WRITE;
/*!40000 ALTER TABLE `profiles` DISABLE KEYS */;
INSERT INTO `profiles` VALUES (1,'m','1975-11-30',96269,'Quia consequatur eaque fuga do','West Preciousshire','Slovenia'),(2,'f','2009-02-08',546546,'Dolorum quisquam laboriosam om','Jackmouth','Luxembourg'),(3,'f','1997-11-23',99698286,'Itaque sed est qui distinctio ','Lake Gabrielle','Zambia'),(4,'f','1974-10-12',70,'Autem pariatur placeat ratione','Jedtown','Niger'),(5,'m','1970-02-06',202,'Veniam quo voluptatibus eius q','Quitzontown','Bouvet Island (Bouvetoya)'),(6,'m','1983-06-02',79621,'Inventore et occaecati quo vit','New Joanahaven','Lesotho'),(7,'f','2009-05-25',6,'Sequi et ut perferendis id. Ea','Port Rosetown','Grenada'),(8,'m','2005-06-12',54,'Totam possimus aperiam aliquam','Ebbahaven','Nicaragua'),(9,'f','1974-10-20',2,'Repellendus magnam nemo natus ','Ankundingchester','Macedonia'),(10,'f','2014-02-08',831,'Ratione qui tempore officia vo','Lake Roma','Tokelau'),(11,'m','1989-12-31',25907,'Tempora iste iusto voluptates ','South Genevieveshire','Afghanistan'),(12,'m','1990-05-12',0,'Et pariatur cupiditate libero ','East Michele','Faroe Islands'),(13,'m','1999-03-07',86903987,'Esse maiores quisquam iusto ve','Balistreriborough','Chad'),(14,'x','1974-04-28',10471005,'Qui aperiam ut ut optio ration','Schowalterview','Timor-Leste'),(15,'f','2004-11-25',274,'Nulla modi minus autem laborio','New Tiafurt','Yemen'),(16,'m','1988-12-02',57273496,'Quasi eum autem aut ut dolore.','South Era','Malawi'),(17,'f','1991-01-26',4308181,'Illum laudantium sit delectus ','Tracemouth','United Arab Emirates'),(18,'f','1985-02-05',5817794,'Temporibus rerum cumque recusa','North Scottie','South Georgia and the South Sandwich Islands'),(19,'x','1975-05-01',7,'Facere ut aperiam iure illum a','Lake Antone','Tonga'),(20,'m','2003-07-26',61,'Delectus eum dolores voluptate','Rozellaport','Zimbabwe'),(21,'f','2018-11-05',97871,'Fugit voluptas ea nulla possim','Lake Maud','Haiti'),(22,'x','1970-10-09',3243338,'Et est illum excepturi. Nobis ','Nakiafort','Russian Federation'),(23,'m','1991-03-29',7063,'Voluptatem aperiam consequatur','Turnerberg','Bermuda'),(24,'m','2013-02-16',8521456,'Exercitationem est eum perspic','Monahanstad','Anguilla'),(25,'f','1976-02-19',7758062,'Quam et eos est aut distinctio','West Reginald','United States Minor Outlying Islands'),(26,'x','1976-09-09',3040,'Optio voluptatibus magni et ve','Bechtelarville','Singapore'),(27,'f','2006-11-03',6546235,'Aut ipsa voluptates tenetur iu','Burdetteville','Uganda'),(28,'f','2005-01-21',50,'Id ex omnis et aliquid ut est.','East Ashtonchester','Guinea'),(29,'f','1998-11-30',69208,'Sint praesentium sunt iure ali','Aldaton','Papua New Guinea'),(30,'x','1970-05-18',1,'A qui et excepturi atque adipi','Lake Elisa','Myanmar'),(31,'f','1982-11-18',53618,'Est veritatis et numquam eos. ','West Jamirtown','Angola'),(32,'f','2005-05-18',10158233,'Sed velit fuga vitae dignissim','South Reta','Venezuela'),(33,'x','1983-05-23',75874,'Officiis occaecati qui cupidit','Port Tate','Burkina Faso'),(34,'m','2020-12-30',68438452,'Sed harum molestiae sint. Veli','North Libbyborough','Macao'),(35,'m','1982-07-31',6899,'Nobis ut necessitatibus et aut','Kreigerport','Sierra Leone'),(36,'m','1974-07-31',906992483,'Laudantium dolores et dolorem ','North Nestor','Uruguay'),(37,'m','1995-10-15',732,'Error totam error ut quia quis','New Taryn','Sierra Leone'),(38,'x','1977-04-02',1254146,'Et voluptatibus doloremque et.','Olenview','Congo'),(39,'x','1984-10-25',4637436,'Qui perspiciatis temporibus co','West Terrence','Ecuador'),(40,'m','2006-06-25',610,'Quia in culpa molestiae consec','Jeremyfurt','Kazakhstan'),(41,'f','1971-08-26',602,'Dolor distinctio rerum consect','West Jaida','Slovakia (Slovak Republic)'),(42,'x','2018-06-02',168,'Facere aliquam eum vero nulla ','Kutchview','Liberia'),(43,'f','2014-02-10',267,'Soluta vitae reprehenderit vol','Kovacekchester','French Polynesia'),(44,'f','1980-10-18',5195230,'Tempore consequatur corrupti d','Clintonfurt','Turkmenistan'),(45,'f','2007-02-14',94956,'Illum repellat odit illo ut. Q','Volkmanview','Timor-Leste'),(46,'m','1978-03-05',875,'Ad delectus dolores non dolore','Reillyton','Andorra'),(47,'x','2002-10-24',2514,'Porro sit maiores qui veniam. ','Sabrynahaven','Guinea'),(48,'x','1978-02-24',615656,'Aperiam consectetur omnis volu','Pagacport','Sierra Leone'),(49,'m','1972-11-26',3953252,'Consequuntur voluptas veniam n','Cummingsview','Uzbekistan'),(50,'x','2008-04-15',1382489,'Fugiat sed numquam aut laudant','Roycemouth','Malawi'),(51,'f','1998-05-07',466989,'Iusto rerum qui voluptatum ven','Walterchester','Burundi'),(52,'m','1980-10-26',646823782,'Aut minima voluptatum dignissi','Rhodaview','Reunion'),(53,'m','2003-06-08',31,'Ut ea perferendis quos vel omn','Braunburgh','French Guiana'),(54,'m','1991-10-05',59,'Id earum sed dignissimos. Quis','West Shad','Bhutan'),(55,'x','1990-06-04',958988796,'Voluptatem illum qui cum unde ','Port Antoniaborough','United States Minor Outlying Islands'),(56,'m','1999-04-09',50042728,'Quo perferendis cum nesciunt. ','New Joyceberg','Zimbabwe'),(57,'f','2012-01-02',55678590,'Minus qui voluptatem consequat','East Vivachester','Kiribati'),(58,'f','2000-12-19',15874484,'Alias rerum enim magnam eligen','Lydafurt','Djibouti'),(59,'m','1987-08-12',2848565,'Itaque et aliquid aliquam. Dol','Ashlyborough','Albania'),(60,'x','1989-11-11',33777,'Laudantium quae est voluptatem','New Mittie','Mozambique'),(61,'f','2008-06-26',2034884,'Illum et fuga quia nemo libero','South Tracey','Equatorial Guinea'),(62,'m','2004-11-25',5676163,'Voluptatem in distinctio praes','Majorfort','Turkey'),(63,'m','1996-04-23',4045591,'Ab deserunt dolor est minima a','Kaylimouth','Reunion'),(64,'m','2017-04-01',5,'Eaque veniam porro possimus. V','Lake Shaylee','Burundi'),(65,'f','1994-03-09',39157,'Molestias ipsa voluptatem et. ','East Aditya','Puerto Rico'),(66,'x','2019-02-18',926708990,'Quidem molestiae et magni quam','New Ebbaview','Hungary'),(67,'x','1999-01-26',77052691,'Et aut et eos ipsum ipsa. Nequ','Keshawnfort','Lesotho'),(68,'m','1998-09-19',53,'Ducimus pariatur aut esse temp','Port Laurence','Niger'),(69,'m','1990-10-11',62,'Soluta nesciunt consequuntur i','Brakusside','Lithuania'),(70,'f','2000-10-23',13884727,'Sed doloribus ab ea ab sed. Ma','East Violet','Antigua and Barbuda'),(71,'f','2018-08-20',501416,'Illum accusamus velit debitis ','South Joel','American Samoa'),(72,'m','2002-04-11',8451,'Cumque similique velit dicta e','Lake Marjory','Austria'),(73,'x','2009-06-09',499366,'Eos eaque est commodi exercita','Blickside','Japan'),(74,'x','2012-08-15',4,'Quam blanditiis quod amet volu','Kristopherberg','Uzbekistan'),(75,'m','2014-11-08',8896381,'Veritatis fugiat qui sit volup','West Damien','Tonga'),(76,'x','1999-02-04',397,'Non totam et non voluptatem qu','Emardview','Cote d\'Ivoire'),(77,'f','1972-07-01',974,'Eligendi amet soluta eligendi ','Mooremouth','Uganda'),(78,'x','2000-07-14',923,'Dolorem est perspiciatis ut eo','Lake Pink','Vanuatu'),(79,'x','2013-04-25',3008,'Ut ipsa quas cumque. Quasi con','Lennaburgh','Mongolia'),(80,'x','1997-08-29',561261640,'Dolores ad aut inventore inven','North Jaysonhaven','Ireland'),(81,'m','1986-09-10',68428910,'Esse natus qui eaque et rem ac','Towneshire','Panama'),(82,'x','1999-11-28',847322,'Rerum sed unde eveniet quis te','East Jimmieberg','Bulgaria'),(83,'f','1995-04-02',40507,'Quidem non et eos ut architect','New Lisa','Kazakhstan'),(84,'f','1986-05-10',31382855,'Sunt quis consequatur tenetur ','Cheyenneberg','Yemen'),(85,'f','1994-04-03',78460,'Eaque modi fugit et vel. Animi','West Olenfort','Cayman Islands'),(86,'m','1976-12-04',5160,'Molestiae optio illum qui. Eos','New Frieda','Bermuda'),(87,'f','1993-05-06',3294976,'Dolores sapiente tempore ipsa.','New Keelyton','Fiji'),(88,'f','2010-12-29',56108,'Repellendus modi est ex mollit','Lonville','Tokelau'),(89,'m','2012-02-14',2099747,'Id et qui adipisci qui asperio','New Allenefurt','India'),(90,'f','1972-12-08',829,'Et ut qui ducimus. Ut sunt aut','Stromanton','Sweden'),(91,'m','2001-12-22',2672,'Facere omnis nam dolor id comm','Port Ofeliamouth','Macedonia'),(92,'f','1978-10-13',5219,'Officiis tenetur et quaerat co','Stiedemannborough','Armenia'),(93,'f','1986-07-15',7276,'Magnam ut deserunt ut ad odit ','West Juneton','Sweden'),(94,'f','2010-01-14',69924,'Impedit nisi iure sed aliquam ','Vickyhaven','Morocco'),(95,'x','2014-10-06',807766,'Enim blanditiis consequatur a ','Jacobstown','Egypt'),(96,'f','1977-03-19',92367827,'Labore sed quia ad facere quos','Jeffborough','Denmark'),(97,'f','2020-05-03',340170,'Quia molestiae et dolore aut e','New Curtland','Micronesia'),(98,'x','2002-05-29',9301,'Nulla praesentium et excepturi','East Gastonland','Puerto Rico'),(99,'x','1977-07-17',76161673,'Delectus distinctio reiciendis','Larkinstad','Taiwan'),(100,'m','1988-07-23',58,'Velit perferendis fugiat et es','Fredericchester','Bosnia and Herzegovina');
/*!40000 ALTER TABLE `profiles` ENABLE KEYS */;
UNLOCK TABLES;

--
-- Table structure for table `users`
--

DROP TABLE IF EXISTS `users`;
/*!40101 SET @saved_cs_client     = @@character_set_client */;
/*!40101 SET character_set_client = utf8 */;
CREATE TABLE `users` (
  `id` bigint(20) unsigned NOT NULL AUTO_INCREMENT,
  `first_name` varchar(145) COLLATE utf8mb4_unicode_ci NOT NULL,
  `last_name` varchar(145) COLLATE utf8mb4_unicode_ci NOT NULL,
  `email` varchar(145) COLLATE utf8mb4_unicode_ci NOT NULL,
  `phone` varchar(11) COLLATE utf8mb4_unicode_ci DEFAULT NULL,
  `password_hash` char(65) COLLATE utf8mb4_unicode_ci DEFAULT NULL,
  `created_at` datetime NOT NULL DEFAULT current_timestamp(),
  PRIMARY KEY (`id`),
  UNIQUE KEY `email_unique` (`email`),
  UNIQUE KEY `phone_unique` (`phone`)
) ENGINE=InnoDB AUTO_INCREMENT=101 DEFAULT CHARSET=utf8mb4 COLLATE=utf8mb4_unicode_ci;
/*!40101 SET character_set_client = @saved_cs_client */;

--
-- Dumping data for table `users`
--

LOCK TABLES `users` WRITE;
/*!40000 ALTER TABLE `users` DISABLE KEYS */;
INSERT INTO `users` VALUES (1,'Elwin','Jakubowski','lonny28@example.com','(237)407-71','9c9fb319b89eb263aa9c4d8b4896803b1b602258','1982-09-07 11:16:27'),(2,'Norma','Pollich','gleichner.emile@example.com','(007)615-28','3da7f5f3909768d1a98e40f7ae035899439d000c','2004-01-30 02:56:43'),(3,'Christophe','Muller','edgar.dicki@example.org','(604)052-58','9063da49ad0b01328665d77a284ab6c977052ebf','2012-03-30 20:30:24'),(4,'Teresa','Lockman','haag.rasheed@example.org','(131)460-03','c7696ccc41e743a70edf1ec331cfd638b686e06d','1975-07-27 16:36:20'),(5,'Eric','Wuckert','emard.camryn@example.org','1-077-223-7','04bea932abbb2f7d1305d1f4cbbdfc5e68eeec27','1984-02-04 05:11:36'),(6,'Shanny','Ward','padberg.janis@example.com','1-728-087-6','d15f8026e9a05d2c43e9020d0346aa573f6bf6ca','2001-12-02 20:06:22'),(7,'Gussie','Beier','lolita04@example.net','580.758.903','078f4468056940305c82fab642f049ebaa1b8341','1992-10-10 10:02:24'),(8,'Albin','Skiles','reece82@example.net','(704)469-39','d4ebd0999a695a7206b8774cc790bfca3fcac237','1986-11-01 13:31:47'),(9,'Quinton','Roberts','mayer.nigel@example.org','192-767-928','dc128ad30c09f4d52c2241ab48fefcb544ffdc3e','1983-08-08 00:28:31'),(10,'Brenna','Cummerata','mccullough.adelia@example.org','03354453961','6530b4b067b6b14933c29fa258060d18c5401fc6','1984-08-18 14:34:33'),(11,'Adelbert','Feeney','jody.marks@example.com','06695027841','0dc6e3d5de1450ca66ed3bd685902d6b121fbbc5','2002-07-22 23:40:08'),(12,'Shemar','Stokes','mortimer64@example.com','(071)263-12','920b28085bdce4aad7963c03f605d8300a0266d3','1979-04-08 02:08:30'),(13,'Pearline','Langosh','danyka99@example.org','376.823.757','0c417121e36ef5a444d02bc6af4bf1da315fab63','2017-06-26 18:11:27'),(14,'Colby','Feest','zhansen@example.org','1-447-810-0','9c54ad709fa7e1636f42a5fbcc0e8157719eb07e','1983-09-05 16:04:20'),(15,'Rosendo','Ullrich','block.pearline@example.com','207.483.251','2252d22992154dc828b0d9c28c91163673d05a27','2020-05-05 10:57:29'),(16,'Ryan','Abbott','ahmed.kihn@example.org','01550202808','45ac0b3de8d32bc465289884e1f70b59fc8e7be6','2015-12-13 08:21:32'),(17,'Christelle','Zulauf','trantow.nellie@example.org','341.819.913','6da73862d59c819b4f7ad7b6ef4e602970660eda','2006-05-10 17:18:59'),(18,'Ruthie','Kihn','eleonore00@example.net','145-639-641','6418bba9eea9d3c133df94b519dbba6b09707214','2018-07-17 20:48:20'),(19,'Precious','Stehr','rschinner@example.net','535-345-965','1e7adbdd010b0817b8b9ad1f66fd3d9984d200a2','2000-05-16 03:53:35'),(20,'Dustin','Stracke','vmaggio@example.org','1-516-763-3','32b9e5d59ed2fb72e56312845f4e570a8e6d5d22','1997-08-09 15:57:33'),(21,'Rashawn','Rosenbaum','nprice@example.com','(624)639-64','276cbbcd7657340885788ce680514b7bf22c7cfc','1996-06-14 13:14:28'),(22,'Casper','Cummerata','oscar93@example.org','1-462-769-1','bf6c46c6a7ea66dc81896604d0b509ae38a1c6a5','2006-10-17 16:36:03'),(23,'Camryn','Renner','yundt.ardella@example.com','+35(8)76783','2646c319004810a30f986e79a0031fa8702b38da','2018-11-16 14:36:15'),(24,'Rodrigo','Ruecker','vivienne13@example.com','1-022-870-9','3d39e524032592544e3471b80b9795f8d59f94d0','1997-12-19 17:16:55'),(25,'Carlo','Christiansen','berniece.ebert@example.org','1-836-638-0','94ecff271c2bdd2f84d4294ef2fd7ae8f8fc6470','2001-07-16 18:32:40'),(26,'Adrienne','Pacocha','augustine.gleason@example.org','1-499-995-3','d1c5c1db40833c1bf0b7a50ccf7da04f70087fe3','2018-04-18 08:42:17'),(27,'Elizabeth','Labadie','jasen.weimann@example.com','08364301210','f5010299c53f30da1fe8b1153da9268783d8d220','1974-06-07 19:48:49'),(28,'Meghan','Romaguera','murphy.rachael@example.org','05102344930','8f8bf78606a5accdfddf952a0acdf9cea011d178','1973-03-16 08:17:26'),(29,'Chris','Walsh','rosina.kozey@example.org','361-767-480','ad2676416206c5de21f254fedec0424b1baec1d0','1981-07-10 02:25:28'),(30,'Jayson','Brown','tierra.auer@example.com','1-589-377-1','275a37b0c5e034eea9f44b67776abb80d4fbc215','1993-04-08 10:39:52'),(31,'Rey','Runte','jayde.kessler@example.net','568.036.185','6b3fac23528a187470f5028b216b1847c10d1c57','1993-03-18 12:53:49'),(32,'Madonna','Runolfsdottir','rwill@example.org','254.778.109','a7f3d0807c246568c59a50edc7ab89e8cc1554db','2018-10-01 18:49:51'),(33,'Mariam','Tillman','precious03@example.org','900.499.180','c5434c0c83ae2d3dd1d2fe94e72e82f79939eeb0','2003-05-08 00:07:37'),(34,'Nella','Collins','eino47@example.net','1-770-972-3','160d82d1fed6aeea8d1f9a4430322e8b4f4760b7','1984-12-31 08:21:30'),(35,'Burdette','Johnston','mleuschke@example.net','062-801-851','676a6e853018cff272c1d9fdd32eab424da563e2','1995-10-22 06:37:46'),(36,'Queenie','Mohr','mariah.lesch@example.net','852.867.046','384799063194c4365aca6b85508e115737e31ad9','2010-05-08 13:00:54'),(37,'Rashad','Kemmer','kovacek.alena@example.org','202-000-010','a1a541020b5321e93ec0ec812fb0853600b249f1','1976-12-17 14:03:18'),(38,'Fabian','Hand','allan.ankunding@example.com','523.957.830','8826dac7fd2e624f9677c4095dea6730966de742','1990-09-30 04:28:12'),(39,'Lonnie','Bashirian','jerald.ratke@example.org','1-990-162-2','5e0ea5e56684ab0e6b864776702645a23f86e1a8','2010-10-04 08:51:32'),(40,'Adonis','Block','jena.herman@example.net','(509)779-59','b42ccb1ae87864e1b05d84657f4b4a3e71deda56','1981-05-20 17:15:33'),(41,'Chasity','Williamson','jpurdy@example.com','(798)839-73','e496daca744770edfdb79dc9995cfa423a12015f','2001-05-15 11:53:58'),(42,'Branson','Feest','destin09@example.net','(144)568-19','df50b3fdbc33d163cc1fd9756a6332d402443a6c','2004-02-13 07:06:51'),(43,'Adolphus','O\'Reilly','rsmith@example.net','1-275-633-0','0b21452e6010b39f2cfb0aac5a13542153dd9f36','1970-01-22 02:10:20'),(44,'Kailyn','Stokes','berneice.kertzmann@example.net','(556)255-25','4e82e6560495bc120239f05c8bd2ec7d7c12e3ab','1993-09-11 01:11:00'),(45,'Gina','Conn','veum.brandt@example.net','1-575-348-7','fa81f4b89007fc508b51d3468837cb1e50557c98','1978-11-01 22:07:36'),(46,'Hassie','Feest','qkirlin@example.org','+37(5)78571','063419782591b43a0cd501acfe9f08805daa26a9','2018-10-21 03:13:07'),(47,'Luther','Yost','roosevelt.gibson@example.org','979-668-137','f05a6cc774abd414601334fc2e9ec10b552545cd','1997-01-06 21:36:21'),(48,'Kennedi','Halvorson','arlie.trantow@example.org','430.573.538','6a8fb88e9f2cc02c1e8c9209721cf035e66f8ef5','1997-10-01 09:26:12'),(49,'Bert','Casper','jamaal.haag@example.com','(071)115-30','c7df5d87085fe6277b7e230a0b8fcf0f1cc00153','1995-01-30 18:19:56'),(50,'Maria','Zemlak','ahand@example.net','654.014.664','5951588916af778d94531dbc28804b40a3960d09','1997-09-12 13:39:25'),(51,'Willa','Paucek','franz43@example.org','287.972.229','b3a6de7a0a9f5342b386ce216dd8c6b696ca9f63','2014-08-30 17:44:24'),(52,'Mathilde','Reynolds','audreanne35@example.net','105-506-054','96e020446615cda8832eba280c004e3b8a45e88a','1990-01-21 13:51:40'),(53,'Sheldon','Waters','marge.gibson@example.com','1-312-615-9','91d5b1dee980a4aa30c495d8b9b832d6e728cea8','1973-06-27 14:28:42'),(54,'Madaline','Gusikowski','morar.dena@example.org','1-675-366-0','e324c6c19a745c24419a2b4e08669cbb6402442c','1996-05-18 23:59:36'),(55,'Jayme','Oberbrunner','nsmitham@example.com','+23(7)87670','44e031464ceb196ed5924150e938efad1819a533','1990-04-23 21:45:30'),(56,'Trystan','Buckridge','willms.jadon@example.org','(235)783-36','81fa259043f77a9cca16afc562522343abcb7851','2004-08-30 22:18:30'),(57,'Agnes','Goyette','zokuneva@example.org','1-963-766-3','d485efeaa34ccd9f88ad00ed005c6117b3a1e188','1983-04-28 06:57:00'),(58,'Elda','Mohr','myrl82@example.com','1-625-865-8','34609339b4eeab67731b0582c1d3cef6a22337ea','1984-01-24 00:56:34'),(59,'Eloise','Friesen','briana.ondricka@example.org','(010)015-60','1c8e8534565d964815b6b13e2bee0a248fc8ef13','2006-10-04 11:07:34'),(60,'Cary','Rowe','runolfsdottir.britney@example.net','1-865-525-0','d2bdd18f6a5f6627983f709452d9f4b1fb4d5819','1998-12-24 23:55:56'),(61,'Rodrick','Cole','german11@example.net','06463788783','84ae9461517dfa76bd8111282d4ae078f7e4ac9c','1991-08-13 00:07:57'),(62,'Alia','Abbott','will.jamil@example.org','915.360.065','50c068a4751b4df55dfde22cfa6a1269440a81fd','1976-07-04 07:35:57'),(63,'Kathryn','Hudson','alford.wilderman@example.org','(316)306-51','df0e8738698cde332922353bb6a4ba865e383888','1970-01-06 19:47:25'),(64,'Brent','Hodkiewicz','lehner.brennan@example.org','1-048-247-3','8267259ae69c291885cab17de0d48639cda3b6e8','1971-01-10 19:02:06'),(65,'Zoila','Huels','rcrist@example.net','(528)286-06','edcdd7a762e8a7c83c02ee53f65819d1eb27953a','1985-05-01 11:18:18'),(66,'Andreane','Brekke','tracey.hills@example.net','1-713-473-4','adfab8f49b00e45d7e94b83ddfd78c07ea168fb1','2020-05-13 19:04:50'),(67,'Rose','Wisoky','buddy05@example.net','(551)781-02','700b0f227281e0ba74f753da116711d6b8ad9ab1','2010-01-22 23:40:14'),(68,'Tara','Dooley','considine.libby@example.org','1-960-761-5','dc507c7145c038fa1201efdd2063a394df372fd5','2010-10-18 00:56:54'),(69,'Arturo','Conroy','lexus.becker@example.org','+92(4)09928','0101bb1c957a9de307b547ef047c22ef389b8abe','1987-07-15 06:05:02'),(70,'Jayden','Dach','micah09@example.net','452.663.063','34ec5823239e4b6b78b7fc711e2d8fcb307c8520','1981-11-14 01:00:42'),(71,'Rowena','Koss','padberg.shane@example.org','409.659.725','c6052cdfb6c87fab40561beabef4b08070daf5d3','1996-02-02 05:39:38'),(72,'Alexandro','Eichmann','delbert.lehner@example.net','1-503-632-6','96270fc06d0c023e014886b7b5c996b2d1c2fca5','1999-01-27 19:24:43'),(73,'Anabelle','Okuneva','xschaefer@example.net','1-121-605-9','dd696640697616e4d7f812c08495dcfa67ba240c','2004-01-30 23:49:17'),(74,'Vilma','Murray','avonrueden@example.net','(927)051-93','ab4a799e80b0c1d7a63d49de5961c29eb1d06ac7','1988-06-16 18:57:16'),(75,'Ethel','Renner','jacobson.linnie@example.org','(867)477-86','b08ea4ce3665d60ceac3ff9c8c57f9d7eda89a65','1981-04-18 11:35:23'),(76,'Jovany','Dooley','myra.christiansen@example.net','+21(4)24900','6f20dcb54c5a5e25d6259d3b535402d3ee796898','1991-01-01 15:24:18'),(77,'Moses','Pacocha','alessandra61@example.org','084.198.668','53c1a98d7b989ca8ea8d257335f167ac04787a48','1980-09-08 07:58:26'),(78,'Jacey','Lynch','satterfield.nathanael@example.com','060.026.431','53d3fbcf09396f5e2db59fec606f571a938f3170','1989-09-09 09:12:02'),(79,'Owen','Krajcik','frosenbaum@example.net','+30(1)25819','31b016dc9258f66cc0094fbd2a6f517ef0780a21','1977-12-30 05:24:54'),(80,'Shaniya','Stoltenberg','pacocha.jude@example.net','1-251-197-7','56ca514940ed8fedac198d844668e05b6987641f','2019-10-06 17:57:32'),(81,'Kiana','Kilback','orunolfsdottir@example.com','298.602.866','8de1c3eee231baf4c8b5858519122625f86855f9','1999-12-28 21:49:09'),(82,'Camylle','Block','cbatz@example.net','928.482.193','3e2c22e6f92b5f257778fc521d2dfc983184eab3','2014-02-07 09:16:38'),(83,'Nikita','Lind','vhowe@example.com','645.744.607','4ff120f2cc69a21219e648a871c28840c5f298b1','2006-06-23 15:22:46'),(84,'Astrid','VonRueden','zschimmel@example.net','263-803-044','51b3a6e474775f2f0cd358c28915b1e59717ec9b','1986-05-24 17:09:06'),(85,'Oran','Hettinger','shanahan.shakira@example.org','1-544-207-6','7d8889e85ae2be1ebb51d3f882d093da7c3e368e','1984-12-19 19:32:46'),(86,'Donavon','Ondricka','hand.ruthe@example.com','+99(8)07362','115f855d6894a1b7a77d9e1094f5c9808a941451','2020-10-18 17:32:41'),(87,'Bernice','McKenzie','qkrajcik@example.com','1-749-569-1','2f09a2b47f806807c80598e996b324798a97053c','2014-06-26 16:03:52'),(88,'Keara','Emmerich','yconsidine@example.org','681-331-235','48edb8b4704144b51a187e5b16677bea0c6c9218','2000-03-06 00:04:47'),(89,'Leilani','Wehner','rosenbaum.selina@example.org','824.375.851','0092a40cf316f018322ebb688662019d158ec910','1979-07-28 15:07:17'),(90,'Nakia','Mann','qo\'hara@example.org','377-207-339','025c6a7e4dccd83914e03b862a7e9ef4bfc0bf4f','1982-04-17 13:00:26'),(91,'Natalie','Wisozk','quigley.karson@example.org','(712)678-65','07512c0fed7222fd8897a6efd2bf90dc5e693d4b','2006-08-22 07:49:10'),(92,'Tristian','Schulist','johnny.gerhold@example.org','1-594-695-0','1444aaa2698a773e8463eca64be0a8d2a1ff782f','1992-08-13 00:43:34'),(93,'Imani','Hudson','samantha87@example.com','05673675903','a36ff1d972c9d9d26f3983143e8dc97b5069c0b8','2007-04-20 05:35:50'),(94,'Gregorio','Berge','spencer.gust@example.org','1-856-028-4','034c253baca7fd6db2105175839420a8064a821c','1975-03-25 23:39:28'),(95,'Kendra','Doyle','jensen96@example.org','522.820.823','ea3f6075af6c88fd9b15922bf9545eeb020edea6','2001-01-09 05:48:55'),(96,'Melvin','Roob','owill@example.net','00259694347','457aab7b16400ed563044cdef81dc4df91dfb173','1981-10-17 02:04:00'),(97,'Mercedes','Casper','savion.daugherty@example.net','1-971-083-9','1c9e0f6229cf00bf1326cfebbd0607cd3013c79c','1995-03-06 16:37:19'),(98,'Braeden','Jakubowski','lavon74@example.com','+19(6)34356','e173d360c576e37b956ff37ce8ca7658560be46e','2007-01-31 02:45:15'),(99,'Krystal','Reynolds','lyla.schmitt@example.net','802.671.002','0afe73f70452acca8ba665c93f1eb21a6bbfbfd0','2015-01-09 22:06:36'),(100,'Julie','Schinner','grayson75@example.com','1-863-871-0','80fda7afa7f96ce75181f1c416d665b000ddd4aa','1986-04-27 06:28:06');
/*!40000 ALTER TABLE `users` ENABLE KEYS */;
UNLOCK TABLES;
/*!40103 SET TIME_ZONE=@OLD_TIME_ZONE */;

/*!40101 SET SQL_MODE=@OLD_SQL_MODE */;
/*!40014 SET FOREIGN_KEY_CHECKS=@OLD_FOREIGN_KEY_CHECKS */;
/*!40014 SET UNIQUE_CHECKS=@OLD_UNIQUE_CHECKS */;
/*!40101 SET CHARACTER_SET_CLIENT=@OLD_CHARACTER_SET_CLIENT */;
/*!40101 SET CHARACTER_SET_RESULTS=@OLD_CHARACTER_SET_RESULTS */;
/*!40101 SET COLLATION_CONNECTION=@OLD_COLLATION_CONNECTION */;
/*!40111 SET SQL_NOTES=@OLD_SQL_NOTES */;

-- Dump completed on 2021-03-17 12:47:11
